seed,mse_mean_D,control_mean_D,delta_mean_D,mse_p95_D,control_p95_D,delta_p95_D,mse_viability_occupancy,control_viability_occupancy,delta_viability_occupancy,mse_severe_fraction,control_severe_fraction,delta_severe_fraction,mse_action_agreement,control_action_agreement,delta_action_agreement,mse_cumulative_task,control_cumulative_task,delta_cumulative_task
221168231,0.024587793626290773,0.021009179307161414,-0.003578614319129359,0.05700130435285692,0.03970110229887914,-0.01730020205397778,0.9325,0.9725,0.040000000000000036,0.0,0.0,0.0,0.61,0.665,0.05500000000000005,192.84015131175045,190.1385735227639,-2.7015777889865547
1920059199,0.024200139536916035,0.020334645724558734,-0.0038654938123573006,0.05065360930501992,0.037181143441834694,-0.013472465863185228,0.9375,0.985,0.04749999999999999,0.0,0.0,0.0,0.5675,0.64,0.07250000000000001,202.1662576955547,195.0355363649428,-7.130721330611891
3950380451,0.0239652760495403,0.020777237504826615,-0.0031880385447136846,0.05269732726167271,0.039568500751290155,-0.013128826510382559,0.9425,0.975,0.03249999999999997,0.0,0.0,0.0,0.635,0.675,0.040000000000000036,196.8854908011674,192.44536162505452,-4.44012917611289
672315199,0.02434780750191177,0.021101031265018052,-0.0032467762368937197,0.05461170397950947,0.03884483391042465,-0.015766870069084823,0.9175,0.9725,0.05500000000000005,0.0,0.0,0.0,0.6225,0.59,-0.032500000000000084,197.8516879811994,191.25915205377214,-6.592535927427264
2227223095,0.025317676465859168,0.022113569040088942,-0.003204107425770226,0.05894538538566684,0.04166983569507338,-0.01727554969059346,0.91,0.96,0.04999999999999993,0.0,0.0,0.0,0.6175,0.6375,0.019999999999999907,193.66814688848206,188.18711204227475,-5.481034846207308
2590384584,0.025828484251691076,0.02172108334798339,-0.004107400903707686,0.05972904165851387,0.03972758947268091,-0.020001452185832963,0.92,0.965,0.04499999999999993,0.0,0.0,0.0,0.5975,0.6425,0.04499999999999993,194.2709555247044,190.75819884530563,-3.5127566793987626
3193779877,0.025210075223620943,0.020360857419798033,-0.00484921780382291,0.05620958644391239,0.03751622847465205,-0.01869335796926034,0.9125,0.99,0.07750000000000001,0.0,0.0,0.0,0.5675,0.62,0.05249999999999999,199.3849775807546,194.27965953603072,-5.105318044723873
670547267,0.02387144772207311,0.01975574645900269,-0.004115701263070419,0.04860451604102982,0.03693617722350894,-0.011668338817520878,0.955,0.985,0.030000000000000027,0.0,0.0,0.0,0.6125,0.6425,0.029999999999999916,201.42174451455935,196.0915220288338,-5.330222485725557
724459465,0.0236611852474876,0.01985690533744131,-0.0038042799100462925,0.05125453805405481,0.03817250668764741,-0.013082031366407398,0.945,0.985,0.040000000000000036,0.0,0.0,0.0,0.58,0.6125,0.032500000000000084,194.55000892083723,190.9795041900888,-3.570504730748439
1956491870,0.025012602499335585,0.02131747074585583,-0.003695131753479755,0.05665636326066792,0.03885638531805335,-0.01779997794261457,0.9225,0.98,0.057499999999999996,0.0,0.0,0.0,0.605,0.59,-0.015000000000000013,197.74344171866983,193.65338676353844,-4.090054955131393
1726372252,0.024858994120534713,0.02016804829824835,-0.0046909458222863624,0.05471804839649702,0.038239692514824564,-0.016478355881672457,0.935,0.985,0.04999999999999993,0.0,0.0,0.0,0.6,0.6475,0.04749999999999999,200.7010047343179,193.9083021421603,-6.79270259215761
3373854246,0.025121553423334716,0.02088381956089859,-0.0042377338624361265,0.05498304570325693,0.03974753740569519,-0.015235508297561741,0.925,0.975,0.04999999999999993,0.0,0.0,0.0,0.615,0.66,0.04500000000000004,196.8153730017399,191.66710293035842,-5.148270071381489
2735511874,0.024096343872569932,0.020865979457230743,-0.0032303644153391896,0.0549635145366345,0.03675934230994405,-0.01820417222669045,0.9375,0.9825,0.04500000000000004,0.0,0.0,0.0,0.6,0.59,-0.010000000000000009,198.76268575644562,193.688746752339,-5.07393900410662
1409247868,0.024731544195064042,0.020927169220775574,-0.0038043749742884686,0.05642509430604135,0.0364081524392006,-0.02001694186684075,0.9225,0.9825,0.06000000000000005,0.0,0.0,0.0,0.61,0.63,0.020000000000000018,200.99879901225768,197.2226858085521,-3.7761132037055916
945526433,0.02421987098502072,0.021230475059322736,-0.0029893959256979824,0.05190929334074115,0.03944463413459461,-0.01246465920614654,0.9325,0.9825,0.050000000000000044,0.0,0.0,0.0,0.6025,0.59,-0.012500000000000067,197.71202096338595,192.83957468314014,-4.872446280245811
898301991,0.024379002460021094,0.020668514835606056,-0.003710487624415039,0.05453664486983022,0.03821899039450005,-0.016317654475330165,0.93,0.9775,0.04749999999999999,0.0,0.0,0.0,0.595,0.645,0.050000000000000044,199.15137358224058,192.33515448224148,-6.816219099999103
2908686384,0.02499301417862884,0.0213188322131941,-0.0036741819654347377,0.058234622412279294,0.04033010840043142,-0.017904514011847873,0.915,0.9675,0.05249999999999999,0.0,0.0,0.0,0.625,0.6,-0.025000000000000022,194.70209502435824,191.19233491993793,-3.509760104420309
703886176,0.022998425784390947,0.020198881154613785,-0.002799544629777162,0.0493857383938383,0.03647940934681465,-0.01290632904702365,0.95,0.9825,0.032500000000000084,0.0,0.0,0.0,0.6225,0.6375,0.014999999999999902,199.10168998823946,197.3507239094822,-1.7509660787572443
2074546300,0.024018153326131535,0.020348201321833653,-0.003669952004297882,0.048998944749299965,0.03750915005179502,-0.011489794697504947,0.9525,0.9875,0.03500000000000003,0.0,0.0,0.0,0.595,0.6425,0.04749999999999999,194.49843458773756,189.9327872477004,-4.565647340037174
277890685,0.023977655479632754,0.020637496477027083,-0.0033401590026056714,0.050569218921040195,0.036994397883742376,-0.013574821037297818,0.9475,0.9775,0.030000000000000027,0.0,0.0,0.0,0.5875,0.635,0.04749999999999999,194.68341414730412,191.70082192710674,-2.9825922201973754
4003261724,0.023699299207590344,0.021027387419095572,-0.002671911788494772,0.05006701736267571,0.03836696763453652,-0.011700049728139185,0.9475,0.975,0.02749999999999997,0.0,0.0,0.0,0.6125,0.675,0.0625,196.27790410946295,189.12038364981998,-7.157520459642967
3374388229,0.024268429358945718,0.021212440368304723,-0.0030559889906409954,0.05500864112429985,0.040276362029359074,-0.014732279094940778,0.9325,0.965,0.03249999999999997,0.0,0.0,0.0,0.6325,0.6575,0.025000000000000022,193.1186421456204,189.49133798523803,-3.62730416038238
3579194240,0.024736232441014,0.020978126373042062,-0.0037581060679719377,0.05553364969725257,0.03865565389814488,-0.01687799579910769,0.92,0.97,0.04999999999999993,0.0,0.0,0.0,0.6075,0.6225,0.015000000000000013,199.25506564512168,193.86306151007915,-5.3920041350425265
3624249781,0.024836212192817397,0.021745770250555664,-0.0030904419422617332,0.05985969940144667,0.04129648884064977,-0.0185632105607969,0.92,0.9675,0.04749999999999999,0.0,0.0,0.0,0.6025,0.66,0.057499999999999996,194.2625637883014,190.21943922420655,-4.043124564094853
4164731045,0.023229965616865602,0.020625588481876234,-0.0026043771349893684,0.04891929084982463,0.0405152165967059,-0.008404074253118732,0.955,0.9775,0.022500000000000075,0.0,0.0,0.0,0.635,0.67,0.03500000000000003,195.40325831627683,190.6652726260292,-4.737985690247626
907119932,0.025219621417911592,0.020930778533860682,-0.00428884288405091,0.05675654246837323,0.03907897725031675,-0.017677565218056482,0.92,0.9775,0.057499999999999996,0.0,0.0,0.0,0.6025,0.5975,-0.0050000000000000044,197.12498155453972,192.76111786264764,-4.363863691892078
1060720534,0.025067007569627497,0.02074329264692806,-0.004323714922699437,0.05789089632657431,0.039603313205105586,-0.018287583121468727,0.925,0.98,0.05499999999999994,0.0,0.0,0.0,0.605,0.6375,0.03249999999999997,201.5160968654873,195.8315671155075,-5.684529749979788
2552626292,0.02378299825228223,0.02107514299167055,-0.00270785526061168,0.05123836415755934,0.03880655778845117,-0.012431806369108171,0.9325,0.975,0.04249999999999998,0.0,0.0,0.0,0.6325,0.61,-0.022499999999999964,199.23443975068918,193.41299873422633,-5.821441016462842
2544756049,0.02549068970609963,0.021890053392699286,-0.0036006363134003447,0.0559575062929727,0.04317550968325137,-0.012781996609721326,0.9325,0.9625,0.030000000000000027,0.0,0.0,0.0,0.615,0.6725,0.057499999999999996,189.22998997825005,183.42891917625366,-5.801070801996389
2777515799,0.026413481116849175,0.022013292104373177,-0.004400189012475998,0.0617564115455478,0.04538763087328925,-0.016368780672258547,0.9025,0.95,0.04749999999999999,0.0,0.0,0.0,0.6,0.695,0.09499999999999997,186.09059493943775,182.4470312579803,-3.6435636814574366
3934911227,0.02546129931478969,0.021275954198137326,-0.004185345116652365,0.05803226790947739,0.03975097642371187,-0.018281291485765516,0.92,0.9725,0.05249999999999999,0.0,0.0,0.0,0.6075,0.6825,0.07499999999999996,200.9671824773049,192.96710422971069,-8.000078247594217
1078552699,0.02388378878495848,0.019968050657593186,-0.003915738127365294,0.05082119750329984,0.036516478576310955,-0.014304718926988882,0.9375,0.9875,0.050000000000000044,0.0,0.0,0.0,0.615,0.6425,0.02749999999999997,200.7731575106766,192.04988662374564,-8.723270886930976
1752127551,0.024259239864257324,0.020755415149452058,-0.003503824714805266,0.05299474470524772,0.036606345279164926,-0.016388399426082792,0.9325,0.98,0.04749999999999999,0.0,0.0,0.0,0.5975,0.6125,0.015000000000000013,196.62612665130908,192.7513584860585,-3.874768165250572
2634562323,0.024960945230138573,0.020866636049654854,-0.004094309180483719,0.05451138943243497,0.039295492455519124,-0.015215896976915846,0.9325,0.975,0.04249999999999998,0.0,0.0,0.0,0.5975,0.625,0.02749999999999997,198.2854531801783,194.44799247725183,-3.837460702926478
580296128,0.024883889405899282,0.020910910305390846,-0.003972979100508436,0.05620033646241463,0.038785496184233284,-0.017414840278181347,0.9425,0.9775,0.03500000000000003,0.0,0.0,0.0,0.5975,0.635,0.03749999999999998,197.93363932836795,189.61849691547877,-8.315142412889173
1542197864,0.02437070465861737,0.020867935093157892,-0.003502769565459477,0.054600544337165643,0.04095967454160149,-0.013640869795564156,0.9375,0.985,0.04749999999999999,0.0,0.0,0.0,0.6175,0.6175,0.0,197.77762233827798,194.7474701493088,-3.0301521889691685
3424861223,0.024817978401891923,0.020925937908669753,-0.003892040493222171,0.05305576559406278,0.03781469782228077,-0.01524106777178201,0.9375,0.9875,0.050000000000000044,0.0,0.0,0.0,0.61,0.62,0.010000000000000009,192.12877330099906,189.70909118604737,-2.4196821149516836
218915680,0.02482428432129253,0.021189147013836056,-0.0036351373074564736,0.05870713839911425,0.040324482164903024,-0.018382656234211224,0.9275,0.97,0.04249999999999998,0.0,0.0,0.0,0.625,0.6725,0.04749999999999999,191.23534390763365,186.8748192007352,-4.360524706898445
1729495040,0.02400045835989847,0.019126753611240898,-0.004873704748657573,0.05360172120418992,0.0372261723270083,-0.016375548877181623,0.9275,0.9975,0.07000000000000006,0.0,0.0,0.0,0.615,0.6875,0.07250000000000001,202.71666404978328,196.46830006464353,-6.248363985139747
3244657607,0.02476025740163941,0.021895776443538954,-0.0028644809581004557,0.056298859584644395,0.0427928681228342,-0.013505991461810196,0.915,0.9625,0.04749999999999999,0.0,0.0,0.0,0.6575,0.6575,0.0,188.56700698032816,185.18778355924238,-3.3792234210857828
490187711,0.0241175455043967,0.020495181370604656,-0.003622364133792043,0.057538277184853034,0.03554755460381915,-0.021990722581033885,0.935,0.985,0.04999999999999993,0.0,0.0,0.0,0.6425,0.6625,0.020000000000000018,193.0885625762631,188.92218024610216,-4.166382330160928
2877695391,0.025715479765873545,0.021503307729584264,-0.004212172036289281,0.0581664655028207,0.04014820107281955,-0.018018264430001152,0.92,0.9675,0.04749999999999999,0.0,0.0,0.0,0.625,0.645,0.020000000000000018,189.71937755240748,183.537067675803,-6.182309876604478
2021446710,0.02463496968544365,0.021117580109048458,-0.0035173895763951912,0.05835727063624055,0.04090511439311369,-0.017452156243126862,0.935,0.97,0.03499999999999992,0.0,0.0,0.0,0.615,0.625,0.010000000000000009,194.16837674945995,189.118566341192,-5.049810408267945
3953583905,0.02382571590818375,0.02043675869103148,-0.00338895721715227,0.05034301373901846,0.03623723419177837,-0.014105779547240092,0.9475,0.98,0.03249999999999997,0.0,0.0,0.0,0.6175,0.6475,0.029999999999999916,200.14668209312043,195.97463927125824,-4.172042821862192
912065911,0.0241676601574306,0.022831185620123734,-0.0013364745373068664,0.05250509655260227,0.04684652015326897,-0.005658576399333301,0.935,0.9625,0.02749999999999997,0.0,0.0,0.0,0.64,0.575,-0.06500000000000006,192.87698305047564,190.0094285427988,-2.867554507676857
3564797863,0.023487182326810307,0.02045399708723149,-0.003033185239578816,0.05059400463283419,0.03852760745497811,-0.012066397177856084,0.945,0.9675,0.022500000000000075,0.0,0.0,0.0,0.6375,0.7175,0.08000000000000007,196.91752424664344,192.99015785814117,-3.9273663885022643
3422993078,0.02433650877046654,0.02064453583496712,-0.0036919729354994227,0.058010057550990944,0.03643766057623729,-0.021572396974753653,0.92,0.985,0.06499999999999995,0.0,0.0,0.0,0.6125,0.59,-0.022500000000000075,205.3550466286971,197.8430657936812,-7.5119808350158905
592549529,0.02437943663787047,0.020925709872221424,-0.003453726765649045,0.05382734348980233,0.03934710968343705,-0.014480233806365282,0.9325,0.9825,0.050000000000000044,0.0,0.0,0.0,0.6225,0.6075,-0.015000000000000013,200.09512240089234,195.3930540510453,-4.702068349847025
422295846,0.02460758500722937,0.020916998042418807,-0.003690586964810564,0.053928577661637306,0.03830672331431164,-0.015621854347325666,0.935,0.98,0.04499999999999993,0.0,0.0,0.0,0.61,0.68,0.07000000000000006,199.58572972395535,193.28131873917377,-6.304410984781583
1637898470,0.025031146463219623,0.021247946009967773,-0.0037832004532518497,0.05554157834604601,0.0395610384915096,-0.015980539854536416,0.92,0.965,0.04499999999999993,0.0,0.0,0.0,0.595,0.655,0.06000000000000005,198.16281821956892,192.01230124333884,-6.1505169762300795
2222495466,0.02428676604944047,0.02061640007781671,-0.003670365971623759,0.05170714002562909,0.03764865439004337,-0.014058485635585719,0.9325,0.985,0.05249999999999999,0.0,0.0,0.0,0.6175,0.6025,-0.015000000000000013,200.86891662233816,194.75280412545953,-6.116112496878628
2867047117,0.024818502108723654,0.020961284779345855,-0.003857217329377799,0.05862706402541787,0.03817689973057301,-0.020450164294844857,0.9175,0.97,0.05249999999999999,0.0,0.0,0.0,0.585,0.6375,0.05249999999999999,195.03303542387803,190.3270311887763,-4.706004235101744
3593623409,0.02444824391759334,0.02103039394896851,-0.0034178499686248302,0.05391097821989275,0.040864087143638185,-0.013046891076254563,0.93,0.97,0.039999999999999925,0.0,0.0,0.0,0.5975,0.615,0.01749999999999996,195.10905548207603,191.8874630238925,-3.2215924581835225
1155838045,0.023754856768457167,0.019991038323757277,-0.00376381844469989,0.05435752788579798,0.0372637876351261,-0.017093740250671882,0.94,0.985,0.04500000000000004,0.0,0.0,0.0,0.6225,0.665,0.04249999999999998,197.35435602642755,193.07797883090348,-4.276377195524077
1902994000,0.024455399374111123,0.02043688503328263,-0.004018514340828495,0.05607129796742082,0.03839889156252414,-0.01767240640489668,0.93,0.9825,0.05249999999999999,0.0,0.0,0.0,0.6375,0.6325,-0.0050000000000000044,194.9188232790073,190.63807813680495,-4.280745142202363
3747878682,0.02504859946025789,0.020557724049063197,-0.004490875411194691,0.05414623975826385,0.03723514953002017,-0.016911090228243685,0.925,0.98,0.05499999999999994,0.0,0.0,0.0,0.5725,0.63,0.057499999999999996,197.21481911785338,191.88670468816287,-5.328114429690515
2521022789,0.0254550163366281,0.021195493161358884,-0.004259523175269217,0.05528715932377907,0.04099999313411204,-0.014287166189667029,0.9225,0.9725,0.050000000000000044,0.0,0.0,0.0,0.63,0.6475,0.01749999999999996,194.39563893623853,188.38792817195332,-6.007710764285207
2699442267,0.024448770791036595,0.021219988871662182,-0.0032287819193744134,0.05268916170498079,0.04434537872067699,-0.0083437829843038,0.9425,0.965,0.022499999999999964,0.0,0.0,0.0,0.6075,0.6575,0.04999999999999993,192.66059387929317,187.96544003129546,-4.695153847997716
642911586,0.024409187726908435,0.020804257027087773,-0.0036049306998206625,0.05508322371807755,0.03657619811174983,-0.01850702560632772,0.925,0.98,0.05499999999999994,0.0,0.0,0.0,0.64,0.6775,0.03749999999999998,197.12348791577358,190.7757504057014,-6.347737510072193
2004022512,0.02425396116075186,0.021113906063610428,-0.003140055097141433,0.05628810612806166,0.039954554796968834,-0.01633355133109283,0.9275,0.975,0.04749999999999999,0.0,0.0,0.0,0.63,0.6575,0.02749999999999997,193.11463707432375,189.46006415295338,-3.6545729213703737
4238294055,0.025610015360572475,0.02134004744376675,-0.004269967916805725,0.05715210488233358,0.03809334334865977,-0.019058761533673814,0.915,0.97,0.05499999999999994,0.0,0.0,0.0,0.5975,0.62,0.022499999999999964,194.50401233480233,189.5243838267001,-4.979628508102223
4009310044,0.02535176344620889,0.02102050017554876,-0.004331263270660128,0.0570854814158607,0.038822518611929036,-0.018262962803931665,0.9325,0.975,0.04249999999999998,0.0,0.0,0.0,0.6075,0.6425,0.03499999999999992,193.6400080979525,187.91193714233123,-5.728070955621263
3906698072,0.024230366881811634,0.021021184621343485,-0.0032091822604681484,0.05165572376132685,0.03919737184904111,-0.01245835191228574,0.925,0.9775,0.05249999999999999,0.0,0.0,0.0,0.635,0.65,0.015000000000000013,194.3191244307513,187.5838483584832,-6.7352760722680785
3832967878,0.02502631127819333,0.020667689189559645,-0.004358622088633683,0.057906152163396486,0.03818717653485044,-0.019718975628546048,0.92,0.98,0.05999999999999994,0.0,0.0,0.0,0.6125,0.63,0.01749999999999996,197.59871252151103,191.41937384381728,-6.17933867769375
1807664505,0.024826834605111207,0.02060899657099745,-0.004217838034113755,0.05530960053945796,0.040481481032474426,-0.014828119506983532,0.9325,0.97,0.03749999999999998,0.0,0.0,0.0,0.625,0.6575,0.03249999999999997,194.61395968496976,189.5609326427998,-5.053027042169958
3736455507,0.02400156683397373,0.02051368144360215,-0.0034878853903715784,0.052379407176247415,0.03803253717828638,-0.014346869997961038,0.9375,0.985,0.04749999999999999,0.0,0.0,0.0,0.6,0.625,0.025000000000000022,199.47298202829,193.43342131056616,-6.039560717723845
1890345545,0.023864561075604262,0.021196202704005955,-0.002668358371598307,0.04776773999402452,0.03910803597469191,-0.00865970401933261,0.955,0.975,0.020000000000000018,0.0,0.0,0.0,0.615,0.645,0.030000000000000027,194.3608709265098,192.29639691946522,-2.0644740070445664
3088204491,0.02431354940843841,0.021343308097508437,-0.002970241310929971,0.05504066202114604,0.03970573935372185,-0.015334922667424193,0.935,0.975,0.039999999999999925,0.0,0.0,0.0,0.6325,0.64,0.007500000000000062,197.18225835405323,192.80971303097684,-4.372545323076395
2408002087,0.023698335650790464,0.02108695148677782,-0.002611384164012645,0.05349649344712701,0.03985067016410229,-0.013645823283024716,0.9325,0.9675,0.03500000000000003,0.0,0.0,0.0,0.6325,0.6525,0.020000000000000018,194.0908652780148,189.85371535637154,-4.237149921643265
1084317939,0.023727633353149324,0.020637064905729065,-0.003090568447420259,0.04878836362516036,0.037023976075825527,-0.011764387549334836,0.9575,0.9775,0.020000000000000018,0.0,0.0,0.0,0.59,0.615,0.025000000000000022,197.32134295791485,193.64005837560217,-3.681284582312685
890033910,0.02464017763703688,0.02045118356055185,-0.0041889940764850316,0.05208116619150935,0.036615767867082025,-0.015465398324427324,0.9425,0.975,0.03249999999999997,0.0,0.0,0.0,0.59,0.65,0.06000000000000005,198.01495932087542,190.55669359171975,-7.45826572915567
1330315353,0.024983332515519034,0.020924428408815584,-0.00405890410670345,0.05814377618397775,0.040748077741059915,-0.017395698442917835,0.925,0.9675,0.04249999999999998,0.0,0.0,0.0,0.58,0.645,0.06500000000000006,194.70819821351182,188.91084684013822,-5.797351373373601
3325564621,0.02483489206945932,0.02082294872422552,-0.0040119433452338,0.05638217724047583,0.038224820653451105,-0.018157356587024727,0.925,0.9725,0.04749999999999999,0.0,0.0,0.0,0.6175,0.655,0.03749999999999998,195.8168681788935,191.88004761068146,-3.9368205682120276
2610623305,0.024816473053761758,0.021810792992135255,-0.0030056800616265027,0.05690099252333273,0.042354731509866725,-0.014546261013466004,0.915,0.9625,0.04749999999999999,0.0,0.0,0.0,0.635,0.64,0.0050000000000000044,192.13329882897037,187.2940378960413,-4.839260932929079
3828145079,0.025066489911910194,0.020440706607783535,-0.004625783304126659,0.059917718035774566,0.03777711084839602,-0.022140607187378543,0.9125,0.98,0.0675,0.0,0.0,0.0,0.59,0.6175,0.02750000000000008,197.69601878726363,191.9344292960186,-5.761589491245019
1455450437,0.023922523617323988,0.02030809013906933,-0.0036144334782546583,0.05192433379450573,0.03907565797866287,-0.012848675815842855,0.9425,0.975,0.03249999999999997,0.0,0.0,0.0,0.6075,0.6425,0.03499999999999992,195.53837663543194,190.37072801249033,-5.167648622941613
3931227532,0.02450525576337678,0.021152132460964226,-0.003353123302412553,0.05340749873140961,0.03930870898992248,-0.014098789741487129,0.9375,0.98,0.04249999999999998,0.0,0.0,0.0,0.585,0.585,0.0,196.39302431423283,190.6041106973947,-5.78891361683813
3666317895,0.0250469142110721,0.020588626003199585,-0.0044582882078725156,0.0557478741736335,0.03951844608872847,-0.01622942808490503,0.925,0.9775,0.05249999999999999,0.0,0.0,0.0,0.6,0.6625,0.0625,192.81497913106514,187.3196624734821,-5.495316657583032
3367615770,0.02492695676607163,0.02115611772735666,-0.0037708390387149703,0.05408530091684407,0.04156472690725465,-0.012520574009589419,0.9325,0.9725,0.040000000000000036,0.0,0.0,0.0,0.6275,0.6225,-0.004999999999999893,193.16932124967616,188.65649048923933,-4.512830760436827
1946551785,0.025010877138487615,0.021337941054111423,-0.0036729360843761917,0.05534306730111686,0.04226205994224117,-0.013081007358875692,0.9125,0.9775,0.06500000000000006,0.0,0.0,0.0,0.6025,0.645,0.04249999999999998,191.354220892582,185.4820924477682,-5.8721284448137965
827957498,0.02492862320131493,0.02076735457052482,-0.00416126863079011,0.05669960579580543,0.03810768663415833,-0.018591919161647097,0.93,0.975,0.04499999999999993,0.0,0.0,0.0,0.615,0.6475,0.03249999999999997,197.60474160927714,192.78112726893198,-4.823614340345159
4210328302,0.02450563708385854,0.021899187415677975,-0.0026064496681805632,0.05583348183723784,0.04215417845732456,-0.013679303379913278,0.9275,0.97,0.04249999999999998,0.0,0.0,0.0,0.6225,0.5875,-0.03500000000000003,191.94771050508393,188.36004179178076,-3.5876687133031737
2134777094,0.02477482257316829,0.021047993812690464,-0.0037268287604778245,0.053743203913698814,0.038331153741252184,-0.01541205017244663,0.9275,0.98,0.05249999999999999,0.0,0.0,0.0,0.62,0.6475,0.02749999999999997,195.78814793014658,188.58129243913217,-7.206855491014409
881917841,0.02518876924504032,0.020765266771838303,-0.0044235024732020185,0.05572196746765206,0.040897103774767844,-0.014824863692884216,0.9125,0.98,0.0675,0.0,0.0,0.0,0.575,0.665,0.09000000000000008,187.30342878575135,183.1357316490011,-4.167697136750263
3758528681,0.025591598553245044,0.0214099030738842,-0.004181695479360845,0.055486659549199985,0.04236529910079436,-0.013121360448405624,0.925,0.965,0.039999999999999925,0.0,0.0,0.0,0.5975,0.67,0.07250000000000001,192.04115992798887,186.340873492102,-5.7002864358868806
1262594342,0.024905064208199556,0.02103164415281056,-0.0038734200553889944,0.05442191692339359,0.039536583056858705,-0.014885333866534886,0.925,0.97,0.04499999999999993,0.0,0.0,0.0,0.6225,0.64,0.01749999999999996,197.96504380392474,194.49688551708488,-3.4681582868398664
2596607418,0.025017393002728518,0.021338954919602502,-0.0036784380831260156,0.05539852691732266,0.041127810526249975,-0.014270716391072684,0.92,0.965,0.04499999999999993,0.0,0.0,0.0,0.605,0.62,0.015000000000000013,187.54670400420588,183.83172992978075,-3.714974074425129
3992523386,0.0237658206043304,0.02097030831584222,-0.0027955122884881813,0.051059873313059785,0.03894021300155394,-0.012119660311505846,0.94,0.9775,0.03750000000000009,0.0,0.0,0.0,0.5875,0.6525,0.06499999999999995,199.37569424137905,194.6946969145611,-4.680997326817959
342760644,0.023816813176209952,0.021164823007464167,-0.0026519901687457846,0.053216453053568986,0.039708309295435,-0.013508143758133986,0.9375,0.97,0.03249999999999997,0.0,0.0,0.0,0.6025,0.61,0.007499999999999951,198.68765690078595,194.15150160771685,-4.5361552930691005
3313993483,0.025536888365279817,0.021525626946204433,-0.004011261419075384,0.05861916780736273,0.04219532721859967,-0.01642384058876306,0.9175,0.9675,0.050000000000000044,0.0,0.0,0.0,0.615,0.6375,0.022499999999999964,194.79052574207446,191.97867850012838,-2.811847241946083
1492219068,0.025186944547430798,0.022212892203953234,-0.0029740523434775637,0.05688823496860104,0.03916981809516908,-0.01771841687343196,0.9175,0.97,0.05249999999999999,0.0,0.0,0.0,0.62,0.61,-0.010000000000000009,193.33869836324502,188.55171959412513,-4.786978769119884
4152087191,0.024094631708610027,0.020878345079677313,-0.0032162866289327137,0.05467344524746162,0.040503493714938915,-0.014169951532522707,0.9325,0.9725,0.040000000000000036,0.0,0.0,0.0,0.6175,0.64,0.022499999999999964,193.63308573926622,187.43330203673415,-6.1997837025320734
2996089438,0.02317365827809369,0.019494632862232603,-0.0036790254158610876,0.04895332190189949,0.03590443833354796,-0.01304888356835153,0.955,0.99,0.03500000000000003,0.0,0.0,0.0,0.625,0.6225,-0.0024999999999999467,200.3807287000402,196.66884287256516,-3.7118858274750437
3143509404,0.02467885808110526,0.02083037167435666,-0.0038484864067485983,0.056217601996432234,0.039662814397863386,-0.01655478759856885,0.9325,0.9775,0.04500000000000004,0.0,0.0,0.0,0.59,0.6475,0.057499999999999996,193.8918156287481,191.2493690569169,-2.642446571831215
2829504469,0.02382396209203896,0.020313719604129997,-0.0035102424879089635,0.053469217595712396,0.0397155740736118,-0.013753643522100595,0.9275,0.985,0.057499999999999996,0.0,0.0,0.0,0.6425,0.69,0.04749999999999999,199.4008888276137,191.9918319190167,-7.409056908596995
3989233382,0.025294221738394445,0.020902129983356495,-0.00439209175503795,0.061561946531237,0.041507676636384036,-0.020054269894852962,0.9225,0.9725,0.050000000000000044,0.0,0.0,0.0,0.615,0.6375,0.022499999999999964,196.03505389027382,194.34938193537425,-1.6856719548995613
1594809755,0.025775356090344106,0.021913063876406264,-0.003862292213937843,0.06013813750827162,0.04732291437528432,-0.012815223132987302,0.9125,0.9575,0.04500000000000004,0.0,0.0,0.0,0.6,0.6525,0.05249999999999999,196.9894859589067,191.76915561591824,-5.220330342988461
1217627830,0.024288434802214223,0.021035531743382584,-0.003252903058831639,0.05434712851662979,0.038527383233192616,-0.015819745283437173,0.9325,0.9775,0.04500000000000004,0.0,0.0,0.0,0.6075,0.605,-0.0025000000000000577,196.0100779977499,194.3672166370281,-1.6428613607218097
1678967486,0.024928672926306364,0.020883143879014635,-0.004045529047291729,0.05392975267812104,0.04005368126894202,-0.01387607140917902,0.925,0.98,0.05499999999999994,0.0,0.0,0.0,0.6025,0.65,0.04749999999999999,194.00422074361694,187.6150322792746,-6.38918846434234
2741073267,0.023884472272253293,0.02066221894350233,-0.003222253328750962,0.04863631935717315,0.038275531504782086,-0.010360787852391064,0.9575,0.9825,0.025000000000000022,0.0,0.0,0.0,0.5825,0.6075,0.025000000000000022,199.60716671224253,193.2954287353976,-6.311737976844938
2894818576,0.024866245986129326,0.020356218296622153,-0.004510027689507173,0.05489020902501055,0.036528647473251914,-0.018361561551758637,0.925,0.975,0.04999999999999993,0.0,0.0,0.0,0.625,0.6225,-0.0024999999999999467,197.52635876642728,190.4551575826829,-7.071201183744392
3262863703,0.02540227259285719,0.02126884495009743,-0.004133427642759761,0.053751626895413185,0.039581617573162656,-0.014170009322250529,0.925,0.9775,0.05249999999999999,0.0,0.0,0.0,0.6,0.595,-0.0050000000000000044,197.44116847448953,190.44441610384274,-6.996752370646789
3214684059,0.02525653429074425,0.021155954116819822,-0.0041005801739244264,0.05732896064830016,0.03963956471907482,-0.01768939592922534,0.9275,0.9725,0.04500000000000004,0.0,0.0,0.0,0.625,0.6725,0.04749999999999999,193.01356643012767,186.7167507070502,-6.296815723077458
1027708350,0.023933588584536043,0.020319422943319766,-0.003614165641216277,0.051206184664798274,0.039550080919978366,-0.011656103744819908,0.945,0.9775,0.032500000000000084,0.0,0.0,0.0,0.62,0.6425,0.022499999999999964,200.20316557602757,195.51588007396845,-4.687285502059126
838655820,0.025134825792884424,0.02081690277717283,-0.004317923015711593,0.05194471086009108,0.040873988660236685,-0.011070722199854395,0.94,0.975,0.03500000000000003,0.0,0.0,0.0,0.5775,0.6175,0.040000000000000036,192.58766606101966,186.6930315256533,-5.89463453536635
345075540,0.02509267174703905,0.021728604768097695,-0.003364066978941354,0.05483097656481564,0.0402959534629443,-0.014535023101871339,0.925,0.9725,0.04749999999999999,0.0,0.0,0.0,0.615,0.6125,-0.0024999999999999467,193.31090998733748,188.99691402330225,-4.313995964035229
3176715644,0.023748608997209573,0.021092234485880035,-0.0026563745113295373,0.05298571115421188,0.03790301468918441,-0.015082696465027468,0.94,0.9825,0.04250000000000009,0.0,0.0,0.0,0.6375,0.6275,-0.010000000000000009,193.19189139209692,188.15006413647455,-5.0418272556223656
2376253214,0.02397299752979003,0.021201606483081347,-0.0027713910467086836,0.051807208237114655,0.038768488700341226,-0.013038719536773428,0.9425,0.9825,0.040000000000000036,0.0,0.0,0.0,0.605,0.5975,-0.007499999999999951,202.46186307165488,196.03987239432263,-6.421990677332246
191148313,0.02410050993009402,0.02067313717913647,-0.0034273727509575476,0.051778690911803454,0.03734617453680341,-0.014432516375000044,0.94,0.9825,0.04250000000000009,0.0,0.0,0.0,0.605,0.615,0.010000000000000009,199.0312619896286,193.46721779720136,-5.564044192427247
1630404654,0.024119200668023796,0.020134875519337375,-0.003984325148686421,0.05021113041575851,0.03840959499928349,-0.011801535416475023,0.945,0.9775,0.032500000000000084,0.0,0.0,0.0,0.6,0.62,0.020000000000000018,196.3660881315247,190.47592355302794,-5.890164578496751
537698647,0.02474421117975032,0.02177366046711362,-0.002970550712636702,0.05668978421147173,0.04234705888105363,-0.014342725330418096,0.92,0.9675,0.04749999999999999,0.0,0.0,0.0,0.5975,0.59,-0.007500000000000062,194.8373387919524,191.1437608225258,-3.693577969426599
1977506975,0.025378096885919854,0.021891664577029193,-0.0034864323088906607,0.058945874327810725,0.04301651191150178,-0.015929362416308948,0.91,0.9575,0.04749999999999999,0.0,0.0,0.0,0.6125,0.6525,0.039999999999999925,189.04324343357706,185.63745983752997,-3.405783596047087
626789455,0.02336343127753265,0.019932236553986075,-0.0034311947235465753,0.0492688053945872,0.0357806642200593,-0.013488141174527901,0.95,0.99,0.040000000000000036,0.0,0.0,0.0,0.6225,0.6575,0.03499999999999992,199.25653059781646,194.06143263800513,-5.195097959811335
1348882116,0.024522378626021607,0.020966429055136702,-0.0035559495708849045,0.05020377191559938,0.03961544702382974,-0.01058832489176964,0.9475,0.98,0.03249999999999997,0.0,0.0,0.0,0.6225,0.5925,-0.030000000000000027,193.36935527321913,191.355339462923,-2.014015810296115
1490640927,0.023301741603407856,0.020175162458336914,-0.0031265791450709422,0.05036300889618957,0.035719213729624076,-0.014643795166565492,0.945,0.99,0.04500000000000004,0.0,0.0,0.0,0.61,0.6425,0.03249999999999997,197.04509003681943,193.90678383490769,-3.138306201911746
3437423915,0.024931791268840056,0.02113319598893015,-0.003798595279909906,0.05550676115436635,0.04124159420805636,-0.014265166946309984,0.92,0.97,0.04999999999999993,0.0,0.0,0.0,0.5825,0.64,0.057499999999999996,193.02666542122736,187.85058210807895,-5.1760833131484105
2449930701,0.02431048164410059,0.02091900113948986,-0.0033914805046107305,0.0564258885469807,0.038813604804792984,-0.017612283742187713,0.9225,0.975,0.05249999999999999,0.0,0.0,0.0,0.6125,0.6525,0.039999999999999925,196.49845346586784,191.39882020609866,-5.099633259769178
1121303941,0.023423275456894235,0.02050343466576114,-0.002919840791133093,0.050334949969846686,0.03799727512849488,-0.012337674841351808,0.9475,0.9875,0.040000000000000036,0.0,0.0,0.0,0.595,0.64,0.04500000000000004,197.93857735500183,191.84558992181465,-6.092987433187176
3196228605,0.02469068356936348,0.020306075184116267,-0.004384608385247214,0.053541118411224886,0.03747912973994649,-0.016061988671278393,0.9275,0.9825,0.05500000000000005,0.0,0.0,0.0,0.6075,0.6325,0.02499999999999991,196.8943806632732,192.2703944365323,-4.623986226740897
221625900,0.025061160184144598,0.021471901078483714,-0.0035892591056608837,0.05409088963977885,0.03762479516603227,-0.016466094473746584,0.9175,0.9825,0.06500000000000006,0.0,0.0,0.0,0.5925,0.605,0.012499999999999956,197.446418445494,192.26222334866125,-5.184195096832752
24556962,0.02403907940002324,0.020967618877162517,-0.003071460522860725,0.048837587346249094,0.04040765298605606,-0.008429934360193035,0.9525,0.9675,0.015000000000000013,0.0,0.0,0.0,0.59,0.6675,0.07750000000000001,196.7907415801551,192.36669553014653,-4.42404605000857
1484661926,0.024815105244064144,0.021866287703389154,-0.0029488175406749903,0.058487222718177065,0.04588754636035897,-0.012599676357818092,0.9175,0.9675,0.050000000000000044,0.0,0.0,0.0,0.6325,0.635,0.0025000000000000577,187.05722846652662,182.75993191404052,-4.297296552486102
1712368201,0.023662899591774113,0.020027696562411358,-0.0036352030293627553,0.052067188091889746,0.03654462283264861,-0.015522565259241138,0.9425,0.9825,0.040000000000000036,0.0,0.0,0.0,0.59,0.675,0.08500000000000008,204.05687560647493,197.49944362601306,-6.557431980461871
2943481395,0.023624362515082344,0.020193644136719133,-0.0034307183783632116,0.04879329111728336,0.037863788462640956,-0.010929502654642403,0.9575,0.98,0.022499999999999964,0.0,0.0,0.0,0.635,0.6325,-0.0025000000000000577,198.17292847146015,194.65764260804087,-3.5152858634192796
46933808,0.024783202125476498,0.022114225680508942,-0.002668976444967556,0.05952523018221095,0.04009849779548041,-0.019426732386730546,0.9175,0.9675,0.050000000000000044,0.0,0.0,0.0,0.6175,0.63,0.012499999999999956,194.02440488785618,189.16110826317737,-4.86329662467881
3325848625,0.02540524918535733,0.021564313573623952,-0.0038409356117333794,0.05454580078177222,0.04003048564291835,-0.014515315138853874,0.9275,0.98,0.05249999999999999,0.0,0.0,0.0,0.6025,0.61,0.007499999999999951,198.92994628745925,193.50172225663363,-5.428224030825618
1838686533,0.023107544171918296,0.0212152394697246,-0.0018923047021936965,0.0483036146358237,0.03811003542371793,-0.010193579212105772,0.96,0.9825,0.022500000000000075,0.0,0.0,0.0,0.5825,0.595,0.012499999999999956,198.53656831816824,196.54672717272413,-1.9898411454441032
1615212051,0.024852773885766958,0.02139520981156457,-0.003457564074202387,0.05324564845944484,0.043203039583699525,-0.010042608875745318,0.9275,0.96,0.03249999999999997,0.0,0.0,0.0,0.5975,0.6475,0.04999999999999993,196.65531230359113,190.9593139669987,-5.6959983365924245
3077125892,0.024277691986726257,0.0204938864439094,-0.003783805542816855,0.05689766858224243,0.037192952800312776,-0.019704715781929658,0.9275,0.9825,0.05500000000000005,0.0,0.0,0.0,0.635,0.615,-0.020000000000000018,202.07463855750223,194.57519027072988,-7.499448286772349
3628515777,0.024195458010531187,0.01994546427713605,-0.004249993733395137,0.056283056597492234,0.03596404239156606,-0.020319014205926175,0.9375,0.9825,0.04500000000000004,0.0,0.0,0.0,0.6,0.625,0.025000000000000022,198.3960390076332,192.25037403610108,-6.145664971532113
521944176,0.025082932228214627,0.022102648353751215,-0.0029802838744634116,0.056761646879214034,0.04405545043197025,-0.012706196447243787,0.935,0.9625,0.02749999999999997,0.0,0.0,0.0,0.595,0.63,0.03500000000000003,193.1575714971288,190.6524923716709,-2.505079125457911
78643303,0.02482315384637812,0.020182827286354125,-0.004640326560023996,0.05418191160231975,0.037324014583581165,-0.016857897018738584,0.9175,0.98,0.0625,0.0,0.0,0.0,0.6225,0.67,0.04749999999999999,200.50942799722537,193.8057635710367,-6.703664426188681
4091624044,0.026512689916395535,0.020616276345223002,-0.0058964135711725325,0.05999891820905086,0.04020274888318069,-0.019796169325870167,0.9125,0.9775,0.06500000000000006,0.0,0.0,0.0,0.5925,0.6925,0.09999999999999998,196.09147050327374,190.34899678897665,-5.742473714297091
424169325,0.02475011449038833,0.020486353459606265,-0.004263761030782066,0.054745320049343245,0.03928216579039301,-0.015463154258950236,0.925,0.9825,0.057499999999999996,0.0,0.0,0.0,0.58,0.6325,0.05249999999999999,200.74431423236067,192.3575970987663,-8.386717133594374
2736901382,0.024534132337194883,0.020856871565525105,-0.0036772607716697783,0.055232895529001465,0.03971668856924859,-0.015516206959752872,0.94,0.9825,0.04250000000000009,0.0,0.0,0.0,0.6175,0.625,0.007499999999999951,196.87626994220358,192.30271769352518,-4.573552248678396
3928974787,0.026217656135373614,0.021344003825135606,-0.004873652310238008,0.05706484192063455,0.03998335086263045,-0.017081491058004106,0.915,0.97,0.05499999999999994,0.0,0.0,0.0,0.61,0.685,0.07500000000000007,193.6034775870393,187.3085553150189,-6.294922272020386
2657888800,0.024340389898504775,0.019765613553648954,-0.00457477634485582,0.05114325914352136,0.03613409065159773,-0.01500916849192363,0.9425,0.9825,0.040000000000000036,0.0,0.0,0.0,0.57,0.6725,0.10250000000000004,196.68058423197596,191.95853979278627,-4.722044439189688
3470250473,0.025014360898399018,0.020735965664820246,-0.004278395233578772,0.053536504738948686,0.03666260711173046,-0.016873897627218228,0.9375,0.98,0.04249999999999998,0.0,0.0,0.0,0.595,0.615,0.020000000000000018,193.7968096138768,188.96267430480617,-4.834135309070632
3975695974,0.024041044869207565,0.020657479438784224,-0.003383565430423341,0.05429614224657672,0.036342129237713405,-0.017954013008863318,0.9375,0.9775,0.040000000000000036,0.0,0.0,0.0,0.625,0.6225,-0.0024999999999999467,197.6830187065553,194.7760278128315,-2.906990893723787
553340302,0.024836139560951674,0.021728715681215593,-0.0031074238797360806,0.056491997407663516,0.042029244774121656,-0.01446275263354186,0.9325,0.965,0.03249999999999997,0.0,0.0,0.0,0.625,0.6325,0.007499999999999951,195.062249310269,190.6434381245251,-4.41881118574392
2148863229,0.025112455019454333,0.021621296299579287,-0.003491158719875046,0.056946410556837045,0.03960549011600352,-0.017340920440833525,0.925,0.97,0.04499999999999993,0.0,0.0,0.0,0.625,0.6325,0.007499999999999951,194.06754503201182,188.3132596229485,-5.754285409063328
3466317101,0.023744868150227864,0.020740053350710382,-0.0030048147995174815,0.05108039726793472,0.03951752889288687,-0.01156286837504785,0.9425,0.97,0.02749999999999997,0.0,0.0,0.0,0.6225,0.6275,0.004999999999999893,195.2424195988122,189.6993940794007,-5.543025519411515
2177125869,0.02500337630794053,0.021288409769750452,-0.0037149665381900794,0.05758311473249194,0.04127325234936153,-0.01630986238313041,0.925,0.9725,0.04749999999999999,0.0,0.0,0.0,0.6275,0.6625,0.03500000000000003,190.77471468306965,187.97124757244535,-2.8034671106242968
3963856988,0.025140469439377148,0.02083134386290289,-0.004309125576474258,0.050989892176707706,0.03849425447875567,-0.012495637697952033,0.9425,0.9775,0.03500000000000003,0.0,0.0,0.0,0.595,0.6275,0.03249999999999997,194.5855890263438,190.15073848794054,-4.4348505384032535
3430078599,0.023964043099624535,0.02135423712095111,-0.002609805978673427,0.04824149970622772,0.039079233021039016,-0.009162266685188707,0.9575,0.9775,0.020000000000000018,0.0,0.0,0.0,0.61,0.6125,0.0025000000000000577,189.81460489896966,187.61778301634467,-2.196821882624988
501265473,0.0238925111143854,0.020078857642400107,-0.0038136534719852913,0.05316575921774943,0.037434127660877774,-0.015731631556871656,0.9225,0.985,0.0625,0.0,0.0,0.0,0.6075,0.635,0.02749999999999997,202.35619183967938,197.1987693527245,-5.157422486954886
77119178,0.024797974090444548,0.02135592750208077,-0.0034420465883637785,0.05787448577108418,0.04100865064753836,-0.016865835123545822,0.915,0.97,0.05499999999999994,0.0,0.0,0.0,0.62,0.63,0.010000000000000009,193.17449436771477,187.7074058741436,-5.467088493571168
3314514082,0.025307815590115097,0.02092162622414429,-0.004386189365970808,0.05336270012776663,0.03802878191215272,-0.01533391821561391,0.9375,0.9825,0.04500000000000004,0.0,0.0,0.0,0.5925,0.65,0.057499999999999996,197.50897801074728,192.3255608673425,-5.183417143404796
1754403896,0.024478710278962545,0.02105628726964044,-0.0034224230093221064,0.055604500918567966,0.04106923432672386,-0.014535266591844107,0.94,0.97,0.030000000000000027,0.0,0.0,0.0,0.6025,0.615,0.012499999999999956,193.71191626671379,189.5143914897202,-4.197524776993589
758252554,0.024313609472586716,0.020779633249219207,-0.0035339762233675097,0.054990758570964866,0.03623791296400116,-0.018752845606963706,0.935,0.98,0.04499999999999993,0.0,0.0,0.0,0.59,0.6175,0.02750000000000008,196.69329808991824,192.20115063960722,-4.492147450311023
1769140432,0.02645068465474454,0.02226570592259062,-0.00418497873215392,0.06072564850897054,0.04457177755331066,-0.01615387095565988,0.905,0.9675,0.0625,0.0,0.0,0.0,0.5975,0.6,0.0024999999999999467,189.93182180326858,185.0153341002716,-4.916487702996989
2168326043,0.024753704348963002,0.021185972377590616,-0.0035677319713723864,0.05362043990813607,0.0412803680813717,-0.012340071826764373,0.92,0.97,0.04999999999999993,0.0,0.0,0.0,0.6275,0.6525,0.025000000000000022,196.17700691733324,190.57263594165062,-5.604370975682627
4083787026,0.023800346711443324,0.02082233123734558,-0.0029780154740977442,0.052140150639403623,0.03565042536126686,-0.01648972527813676,0.9375,0.9825,0.04500000000000004,0.0,0.0,0.0,0.5825,0.5975,0.015000000000000013,198.5311167728362,194.6539189091314,-3.877197863704822
139096914,0.02408212203252388,0.020247903115583252,-0.003834218916940628,0.05711714638115754,0.03760554023569958,-0.01951160614545796,0.9325,0.9775,0.04500000000000004,0.0,0.0,0.0,0.6025,0.65,0.04749999999999999,189.99685550099207,186.6324455807159,-3.3644099202761595
2787104188,0.02493525988188318,0.021535474822191106,-0.003399785059692073,0.05423254825937015,0.041391648993974205,-0.012840899265395944,0.93,0.97,0.039999999999999925,0.0,0.0,0.0,0.6125,0.63,0.01749999999999996,197.8986390477952,192.6471071192675,-5.251531928527697
3800051595,0.024181126546081275,0.021061481635216987,-0.003119644910864288,0.05459201002007269,0.03958299788976932,-0.015009012130303367,0.935,0.9775,0.04249999999999998,0.0,0.0,0.0,0.6175,0.63,0.012499999999999956,197.65610612836488,191.54830799649056,-6.107798131874318
3860823799,0.02354611110240252,0.020017257752189745,-0.003528853350212774,0.04916796291417279,0.03631931927654632,-0.012848643637626465,0.9525,0.9825,0.030000000000000027,0.0,0.0,0.0,0.6,0.6325,0.03249999999999997,200.49823997933362,196.79424621453265,-3.7039937648009698
2467696937,0.02420960622711921,0.020275408731694766,-0.003934197495424445,0.05300087012486737,0.03685486921117096,-0.01614600091369641,0.925,0.9875,0.0625,0.0,0.0,0.0,0.615,0.635,0.020000000000000018,198.68908843731575,193.65132769632044,-5.03776074099531
2789873607,0.025153576639072927,0.022003166928963883,-0.0031504097101090443,0.05750772012873253,0.047674891021138345,-0.009832829107594185,0.93,0.955,0.02499999999999991,0.0025,0.0,-0.0025,0.6425,0.6675,0.025000000000000022,187.4543121309336,184.20016995170965,-3.2541421792239476
1396082377,0.02538104153057862,0.02075203771009383,-0.004629003820484791,0.055371302518595004,0.03971171381626622,-0.015659588702328787,0.93,0.9775,0.04749999999999999,0.0,0.0,0.0,0.615,0.62,0.0050000000000000044,196.8320379110079,190.37935255696362,-6.452685354044263
2961792469,0.02472780560489193,0.021125203298884516,-0.0036026023060074137,0.05446770533258367,0.03738152167019863,-0.01708618366238504,0.9275,0.97,0.04249999999999998,0.0,0.0,0.0,0.6325,0.645,0.012500000000000067,197.72710632362424,191.92408722148133,-5.803019102142912
1665231446,0.025681287925240125,0.02158080738262619,-0.004100480542613933,0.05951658920200824,0.03738072900660113,-0.022135860195407107,0.925,0.98,0.05499999999999994,0.0,0.0,0.0,0.6,0.6025,0.0025000000000000577,196.44872420705158,187.7663761864171,-8.682348020634493
2745475334,0.02443495883958802,0.021830178397546626,-0.002604780442041394,0.05455935420787156,0.041801018068262634,-0.012758336139608924,0.9325,0.9625,0.030000000000000027,0.0,0.0,0.0,0.6375,0.625,-0.012499999999999956,196.98282219982056,192.7319135595747,-4.250908640245854
2346939559,0.024524381870792967,0.021125056487466952,-0.003399325383326015,0.050143321984855084,0.039711340774688714,-0.01043198121016637,0.945,0.9725,0.02750000000000008,0.0,0.0,0.0,0.6025,0.64,0.03749999999999998,190.34516676188372,189.93358452851,-0.41158223337370714
3840152169,0.02463931769748787,0.02105056943168856,-0.003588748265799309,0.05322198665701979,0.037544789012905484,-0.015677197644114307,0.9275,0.975,0.04749999999999999,0.0,0.0,0.0,0.595,0.6175,0.022500000000000075,197.0394904426726,193.55241322811526,-3.487077214557331
1788932728,0.024127970859952236,0.020890895180147546,-0.0032370756798046907,0.054551323079554175,0.03869661846211944,-0.015854704617434733,0.93,0.98,0.04999999999999993,0.0,0.0,0.0,0.5975,0.6225,0.025000000000000022,194.91556882383065,192.78825565976294,-2.127313164067715
157107374,0.026099079552554735,0.02281734314924041,-0.0032817364033143268,0.0608829168662643,0.046392152758994484,-0.014490764107269814,0.9125,0.955,0.04249999999999998,0.0,0.0,0.0,0.5925,0.63,0.03749999999999998,183.80275057285968,179.73033165230746,-4.072418920552224
3981246462,0.026032044866475063,0.021254231533362252,-0.0047778133331128105,0.05896067684081131,0.03972219651335793,-0.019238480327453386,0.915,0.9675,0.05249999999999999,0.0,0.0,0.0,0.5925,0.6475,0.05499999999999994,195.67246728096234,191.96970568357216,-3.702761597390179
1780000722,0.024931590213808818,0.02059146877877402,-0.004340121435034799,0.057441584508054755,0.03683010697510441,-0.020611477532950347,0.9225,0.9775,0.05500000000000005,0.0,0.0,0.0,0.61,0.6175,0.007500000000000062,199.21215841630118,194.06840882285258,-5.143749593448604
142926489,0.02524864131539899,0.020521574042307922,-0.004727067273091069,0.05659738235393096,0.03762857309566587,-0.018968809258265093,0.925,0.98,0.05499999999999994,0.0,0.0,0.0,0.5725,0.655,0.08250000000000002,198.89045285358978,191.03436562950816,-7.8560872240816195
4167918617,0.024784323805442772,0.020685886418716926,-0.004098437386725846,0.05148805262679349,0.04005577065251687,-0.01143228197427662,0.935,0.975,0.039999999999999925,0.0,0.0,0.0,0.57,0.685,0.1150000000000001,194.14422900835004,188.90873303865058,-5.235495969699457
432899512,0.023902356415592397,0.021333758514931717,-0.0025685979006606803,0.05398409700138585,0.043599458942028796,-0.010384638059357056,0.9375,0.97,0.03249999999999997,0.0,0.0,0.0,0.6425,0.6125,-0.029999999999999916,192.91651087839645,188.64585241813518,-4.270658460261274
367970204,0.024511981374727442,0.02098009136535748,-0.0035318900093699625,0.05115773699641584,0.04274208851071304,-0.008415648485702802,0.9425,0.9725,0.030000000000000027,0.0,0.0,0.0,0.615,0.6775,0.0625,193.33433626271852,190.16158802427236,-3.172748238446161
3767695214,0.024241039113463706,0.02032905758966244,-0.003911981523801265,0.055124886701446295,0.03602451209729037,-0.019100374604155923,0.9275,0.9825,0.05500000000000005,0.0,0.0,0.0,0.595,0.6375,0.04249999999999998,197.8029733082148,192.34372489637636,-5.459248411838445
3591056672,0.02558783494284401,0.02146546465883376,-0.004122370284010253,0.060510232467459735,0.03719880168538993,-0.023311430782069806,0.92,0.975,0.05499999999999994,0.0,0.0,0.0,0.6,0.605,0.0050000000000000044,197.95383856133282,194.29838586702897,-3.655452694303847
497366573,0.0249042503668199,0.020467422031189196,-0.004436828335630704,0.056991525015556536,0.03930682357024298,-0.017684701445313554,0.9125,0.9875,0.07500000000000007,0.0,0.0,0.0,0.6025,0.635,0.03249999999999997,201.3821500197022,192.9954969285987,-8.386653091103511
226378736,0.023802492232114707,0.020761256978904123,-0.003041235253210584,0.05524152414831995,0.03727364902652623,-0.017967875121793715,0.93,0.9825,0.05249999999999999,0.0,0.0,0.0,0.64,0.64,0.0,198.46019739654392,192.9649611313782,-5.495236265165715
227037330,0.02416662950773856,0.02089519662190096,-0.0032714328858376024,0.05342621768799924,0.03901660027084955,-0.01440961741714969,0.935,0.975,0.039999999999999925,0.0,0.0,0.0,0.5675,0.67,0.10250000000000004,198.01736713783254,193.97076705472725,-4.0466000831052895
166980087,0.02452078176954293,0.020659369300622038,-0.0038614124689208933,0.052824807388969046,0.03753055434243921,-0.015294253046529836,0.93,0.9775,0.04749999999999999,0.0,0.0,0.0,0.63,0.6475,0.01749999999999996,201.52278499674964,195.3762674448849,-6.146517551864747
2643061300,0.02394909422283618,0.02183052439449897,-0.002118569828337212,0.052844670153352306,0.038979147932765856,-0.01386552222058645,0.94,0.9725,0.032500000000000084,0.0,0.0,0.0,0.6125,0.57,-0.04250000000000009,195.16770936613668,191.89618430496958,-3.2715250611670967
1830019208,0.0248296790813195,0.02122281889094122,-0.003606860190378279,0.05508555347088549,0.03900077907152894,-0.01608477439935655,0.9175,0.9725,0.05500000000000005,0.0,0.0,0.0,0.6075,0.6525,0.04499999999999993,196.13408489383556,190.18876960684528,-5.9453152869902794
2144119248,0.02353012304306593,0.020845744054498176,-0.002684378988567753,0.053228788681079615,0.03680533026258741,-0.016423458418492208,0.9375,0.98,0.04249999999999998,0.0,0.0,0.0,0.61,0.5975,-0.012499999999999956,204.1833895446343,198.15414624748428,-6.029243297150032
886455653,0.02481216226960024,0.022101515090407777,-0.002710647179192463,0.05428706931602418,0.044749044399630934,-0.009538024916393245,0.9375,0.955,0.01749999999999996,0.0,0.0,0.0,0.5875,0.615,0.02749999999999997,190.90025387341115,184.72851600492598,-6.171737868485167
289854918,0.023860135272971518,0.02085569523785196,-0.003004440035119557,0.0510907857711,0.0378579444190194,-0.013232841352080603,0.9425,0.9825,0.040000000000000036,0.0,0.0,0.0,0.59,0.6,0.010000000000000009,197.57074769199903,194.50045368366546,-3.070294008333576
1774838720,0.024209005637854827,0.020787001750668832,-0.0034220038871859947,0.05192686373748424,0.03855978847812639,-0.013367075259357847,0.9375,0.9875,0.050000000000000044,0.0,0.0,0.0,0.575,0.6425,0.0675,195.687571483693,189.0786179995066,-6.608953484186401
2741261958,0.023774552798342032,0.02043972191364839,-0.0033348308846936417,0.05365816201692426,0.03746738390290391,-0.01619077811402035,0.94,0.99,0.050000000000000044,0.0,0.0,0.0,0.6175,0.65,0.03249999999999997,202.72996532936827,198.23363028026574,-4.496335049102527
1642432845,0.02435316208168942,0.021118630174587833,-0.003234531907101587,0.054742883489880746,0.04015470169033583,-0.014588181799544915,0.935,0.975,0.039999999999999925,0.0,0.0,0.0,0.5625,0.5825,0.020000000000000018,198.0250460489606,195.1411650075844,-2.8838810413762133
3298125983,0.025031534630229838,0.021415075024637194,-0.0036164596055926444,0.053267905302548026,0.04217543208848978,-0.011092473214058249,0.93,0.97,0.039999999999999925,0.0,0.0,0.0,0.6125,0.635,0.022499999999999964,193.31956599319273,189.3117179298819,-4.007848063310831
2874185874,0.024119557062533405,0.02012634113989142,-0.003993215922641985,0.0530810139996896,0.03829694952595167,-0.01478406447373793,0.9325,0.9775,0.04500000000000004,0.0,0.0,0.0,0.605,0.6975,0.09250000000000003,196.10154970362777,191.38413896049073,-4.717410743137037
2290196659,0.023905014609053116,0.02137606391971812,-0.0025289506893349974,0.05023807101532385,0.03960348010001672,-0.010634590915307128,0.9375,0.9725,0.03500000000000003,0.0,0.0,0.0,0.6075,0.615,0.007499999999999951,191.80264360657077,189.51370764521334,-2.2889359613574243
3426826906,0.0244136538820647,0.020446115349604783,-0.003967538532459916,0.051557724735884686,0.0380914284332992,-0.013466296302585487,0.945,0.9775,0.032500000000000084,0.0,0.0,0.0,0.615,0.685,0.07000000000000006,198.30389003968057,191.9405077415014,-6.363382298179175
615974528,0.023964651624125245,0.020962247708021877,-0.0030024039161033675,0.055522195797818204,0.038173328184174085,-0.01734886761364412,0.935,0.9725,0.03749999999999998,0.0,0.0,0.0,0.6375,0.62,-0.01749999999999996,194.9729143992783,190.31635177010133,-4.65656262917696
3953324584,0.023321866238300005,0.020245879930146878,-0.0030759863081531273,0.0515419121337356,0.03858469715452783,-0.012957214979207772,0.945,0.9825,0.03750000000000009,0.0,0.0,0.0,0.595,0.6325,0.03749999999999998,197.69648905236002,194.10339635020335,-3.5930927021566674
182979396,0.02346592621726102,0.020386323368472254,-0.0030796028487887657,0.04853998972228299,0.038464239673744134,-0.010075750048538855,0.9575,0.98,0.022499999999999964,0.0,0.0,0.0,0.6075,0.6425,0.03499999999999992,194.4977563435079,191.40177953112155,-3.09597681238634
3879414848,0.024562488715238463,0.022109132249641873,-0.0024533564655965893,0.05099919508635921,0.04610971197123515,-0.004889483115124056,0.9475,0.9575,0.010000000000000009,0.0,0.0,0.0,0.6475,0.6325,-0.015000000000000013,189.13164950650236,186.79646026922393,-2.3351892372784278
2944264514,0.02448360449240811,0.02013386823926868,-0.0043497362531394294,0.05667641998345623,0.03548333781910346,-0.02119308216435277,0.925,0.995,0.06999999999999995,0.0,0.0,0.0,0.565,0.6175,0.0525000000000001,200.55787511164584,194.46192296036648,-6.095952151279363
3140444871,0.025070396655566766,0.02093407521800816,-0.004136321437558606,0.05774792243821131,0.03814026039007738,-0.019607662048133925,0.9175,0.98,0.0625,0.0,0.0,0.0,0.605,0.65,0.04500000000000004,196.15478159295094,189.52315363499835,-6.631627957952588
3328242665,0.02508402540407072,0.02083703563708505,-0.004246989766985669,0.06179014644366694,0.039547682838295135,-0.022242463605371805,0.9075,0.98,0.07250000000000001,0.0,0.0,0.0,0.6325,0.6775,0.04500000000000004,191.65114511067583,185.89865277758827,-5.7524923330875595
459534450,0.02382550456386498,0.02161978700429531,-0.0022057175595696712,0.05038856697320383,0.04103888476084368,-0.009349682212360155,0.945,0.965,0.020000000000000018,0.0,0.0,0.0,0.6075,0.62,0.012499999999999956,192.0198924172256,189.40082274948628,-2.619069667739325
4068399536,0.024463338995241318,0.021680831650527442,-0.0027825073447138755,0.052774562477879046,0.04385756607738892,-0.008916996400490124,0.93,0.97,0.039999999999999925,0.0,0.0,0.0,0.6275,0.63,0.0025000000000000577,187.65895182902312,182.98586628970403,-4.673085539319089
3643199484,0.025491268547791334,0.0205406400302764,-0.004950628517514936,0.05711251016750559,0.041478084034240706,-0.015634426133264885,0.92,0.9725,0.05249999999999999,0.0,0.0,0.0,0.63,0.705,0.07499999999999996,195.90628755298962,189.3728354143985,-6.533452138591116
3445337000,0.02518449530705935,0.02094008132677722,-0.004244413980282132,0.05829970637470096,0.038566919684659834,-0.019732786690041124,0.9325,0.9875,0.05500000000000005,0.0,0.0,0.0,0.63,0.62,-0.010000000000000009,195.56266665071323,193.08063745296676,-2.4820291977464706
2779069769,0.02452020733730636,0.020724978351954207,-0.0037952289853521518,0.05272554695200286,0.03874034941708225,-0.013985197534920606,0.935,0.98,0.04499999999999993,0.0,0.0,0.0,0.59,0.6375,0.04749999999999999,198.34852574357063,194.44651218772904,-3.9020135558415916
1230070575,0.024855528983448404,0.021202875863607095,-0.0036526531198413092,0.05538877567975267,0.03841433589659195,-0.016974439783160725,0.93,0.9725,0.04249999999999998,0.0,0.0,0.0,0.61,0.6175,0.007500000000000062,200.96276636442838,193.1787896779943,-7.783976686434073
2210047840,0.022883355633116657,0.020486145417369088,-0.0023972102157475694,0.05031999754012089,0.03796033165602577,-0.012359665884095122,0.945,0.98,0.03500000000000003,0.0,0.0,0.0,0.6275,0.62,-0.007499999999999951,195.14487309084436,192.79006402444298,-2.3548090664013728
3513994582,0.024050719431877816,0.019887364777447725,-0.004163354654430091,0.048899608873714716,0.03516983173166746,-0.013729777142047254,0.955,0.9875,0.032500000000000084,0.0,0.0,0.0,0.595,0.625,0.030000000000000027,197.14175673252672,194.28535462877034,-2.8564021037563805
2097617647,0.02385405809307529,0.021026392655723022,-0.002827665437352269,0.049676313295323744,0.03741369429497658,-0.012262619000347162,0.9525,0.9825,0.030000000000000027,0.0,0.0,0.0,0.6125,0.6325,0.019999999999999907,195.60121503053705,191.11941442342152,-4.481800607115531
2002415814,0.02517947747814845,0.021657089434842205,-0.0035223880433062453,0.056268313806138955,0.04253700115215317,-0.013731312653985785,0.91,0.9625,0.05249999999999999,0.0,0.0,0.0,0.6275,0.6275,0.0,191.62699310227313,187.49966800786976,-4.127325094403375
2374688748,0.02539404948181268,0.0208070424803517,-0.004587007001460978,0.05886182221979453,0.03828656709760615,-0.020575255122188378,0.91,0.9775,0.0675,0.0,0.0,0.0,0.585,0.6575,0.07250000000000001,201.71669175568923,194.51114804915224,-7.205543706536986
259102071,0.02527429494684143,0.020888857829142085,-0.004385437117699346,0.054921934652982736,0.04017432360330464,-0.014747611049678096,0.9175,0.97,0.05249999999999999,0.0,0.0,0.0,0.6025,0.6375,0.03499999999999992,197.12205624178364,189.5973592825851,-7.524696959198536
4051111250,0.024317268696945567,0.02068173157858251,-0.0036355371183630567,0.05176807444726502,0.03628437147735681,-0.015483702969908211,0.9425,0.975,0.03249999999999997,0.0,0.0,0.0,0.5725,0.6125,0.040000000000000036,199.5311486725301,194.44072318625146,-5.090425486278633
289098193,0.025807619537132797,0.021987006078945184,-0.0038206134581876133,0.05664644923842292,0.041028451820147194,-0.015617997418275728,0.92,0.97,0.04999999999999993,0.0,0.0,0.0,0.5925,0.605,0.012499999999999956,191.43661777846347,186.80332808537034,-4.633289693093133
3349042839,0.024081259523820293,0.01980324010635631,-0.0042780194174639845,0.052603637876338066,0.03652716150429894,-0.016076476372039128,0.94,0.99,0.050000000000000044,0.0,0.0,0.0,0.6075,0.635,0.02749999999999997,196.5697427274049,191.955151451164,-4.614591276240901
4044180378,0.02496392374971676,0.020880118504400417,-0.004083805245316343,0.060306205649581286,0.04006708516096645,-0.020239120488614835,0.915,0.965,0.04999999999999993,0.0,0.0,0.0,0.605,0.6575,0.05249999999999999,199.68506608323278,190.9462250969112,-8.738840986321577
2829709403,0.024538984279088134,0.02036648338340205,-0.0041725008956860835,0.05746165074338492,0.03746558034984285,-0.01999607039354207,0.9225,0.98,0.057499999999999996,0.0,0.0,0.0,0.6475,0.6525,0.0050000000000000044,190.7848183566826,185.61724175549176,-5.167576601190831
3536174734,0.024713160046443167,0.020620906765221086,-0.004092253281222081,0.05356763175061098,0.03781809199998243,-0.015749539750628552,0.93,0.9825,0.05249999999999999,0.0,0.0,0.0,0.6125,0.62,0.007499999999999951,199.99445495902364,194.79535362121305,-5.199101337810589
1723649454,0.023426122617634233,0.020242548101354264,-0.003183574516279968,0.0491498977468353,0.03790599511560618,-0.011243902631229118,0.9525,0.985,0.03249999999999997,0.0,0.0,0.0,0.6425,0.66,0.01750000000000007,197.8515922500876,194.88522957116604,-2.96636267892157
2852750348,0.023976059170572182,0.020535672913915216,-0.0034403862566569667,0.05151472791134477,0.037058451262626156,-0.01445627664871861,0.9425,0.97,0.02749999999999997,0.0,0.0,0.0,0.615,0.67,0.05500000000000005,193.7359607803568,189.124116121018,-4.6118446593388
1326134440,0.025144916290491287,0.02150961191501031,-0.0036353043754809786,0.055817039050256284,0.04039438462039808,-0.015422654429858206,0.9225,0.9725,0.050000000000000044,0.0,0.0,0.0,0.61,0.64,0.030000000000000027,195.48732194468266,191.74564886774712,-3.741673076935541
2657104853,0.02576680117620928,0.020999074691298015,-0.004767726484911264,0.05798726067936398,0.03811965950177702,-0.019867601177586958,0.91,0.9775,0.0675,0.0,0.0,0.0,0.575,0.6425,0.0675,197.45695442192127,192.14377447061324,-5.31317995130803
2678033399,0.023742961946087576,0.021073051052809808,-0.0026699108932777688,0.05301273108842543,0.038881855569437025,-0.014130875518988402,0.94,0.98,0.040000000000000036,0.0,0.0,0.0,0.615,0.6125,-0.0024999999999999467,195.33872426119382,193.13035970640476,-2.208364554789057
3552256740,0.025588766833728346,0.02184738881142681,-0.0037413780223015357,0.05850642941122017,0.0383680560762997,-0.020138373334920467,0.915,0.98,0.06499999999999995,0.0,0.0,0.0,0.5975,0.61,0.012499999999999956,194.45837661377166,189.4352363841458,-5.023140229625852
641696782,0.024237641386030045,0.02035866714469721,-0.003878974241332836,0.05340135810908463,0.038556277718268375,-0.014845080390816258,0.94,0.9825,0.04250000000000009,0.0,0.0,0.0,0.635,0.6325,-0.0025000000000000577,192.81678117833906,187.99290224804597,-4.823878930293091
3593834163,0.02466121445404144,0.020365841719408764,-0.004295372734632676,0.05602025335361993,0.03697251811650211,-0.01904773523711782,0.93,0.98,0.04999999999999993,0.0,0.0,0.0,0.62,0.67,0.050000000000000044,198.77924453224432,191.7241290943112,-7.055115437933125
3816351097,0.025618199085869344,0.02156132639140938,-0.004056872694459965,0.06108297850232879,0.043520608862527455,-0.017562369639801338,0.9075,0.9625,0.05500000000000005,0.0,0.0,0.0,0.6125,0.645,0.03249999999999997,190.5151585660239,186.58090130663066,-3.9342572593932346
1775950232,0.02520873395245193,0.021185349881369955,-0.004023384071081975,0.06339717596006417,0.037850816462743964,-0.025546359497320204,0.925,0.9725,0.04749999999999999,0.0,0.0,0.0,0.5975,0.66,0.0625,192.78031760066,186.01700243082092,-6.763315169839075
2895198441,0.024174082714974697,0.020265542018931937,-0.00390854069604276,0.05467217746873602,0.03771637063146958,-0.01695580683726644,0.935,0.985,0.04999999999999993,0.0,0.0,0.0,0.6075,0.615,0.007499999999999951,194.84529116553227,189.05728674242908,-5.788004423103189
2680515023,0.024642842406669,0.020614583298170695,-0.004028259108498303,0.05643756148872185,0.03829421095252422,-0.01814335053619763,0.9225,0.98,0.057499999999999996,0.0,0.0,0.0,0.63,0.625,-0.0050000000000000044,197.78047416723393,193.01405342497964,-4.766420742254297
2331095210,0.024908924328370982,0.021339846420831136,-0.0035690779075398457,0.05473180427960434,0.0381253392794181,-0.01660646500018624,0.935,0.97,0.03499999999999992,0.0,0.0,0.0,0.5825,0.62,0.03749999999999998,199.10435944275545,194.55993725852815,-4.544422184227301
3546778586,0.024403083628956566,0.02135932110038416,-0.0030437625285724065,0.0522507326211283,0.0385374704642872,-0.0137132621568411,0.94,0.9725,0.032500000000000084,0.0,0.0,0.0,0.6075,0.5775,-0.030000000000000027,195.935501801456,191.25273799020448,-4.682763811251533
497004349,0.025737451860867632,0.022713708529540466,-0.003023743331327166,0.061282537570510186,0.050767474874006076,-0.01051506269650411,0.905,0.9425,0.03749999999999998,0.0,0.0,0.0,0.615,0.64,0.025000000000000022,188.40217339367032,183.22482535180168,-5.17734804186864
836103160,0.024289203227146415,0.02037645544298045,-0.003912747784165966,0.050266346683740366,0.03898087409229241,-0.011285472591447958,0.9475,0.9825,0.03500000000000003,0.0,0.0,0.0,0.62,0.6875,0.0675,197.56912802423096,192.03894579351498,-5.53018223071598
2873653819,0.024269221510518593,0.020661964939137946,-0.0036072565713806473,0.0534714744197435,0.03798472344791072,-0.015486750971832781,0.94,0.985,0.04500000000000004,0.0,0.0,0.0,0.585,0.6375,0.05249999999999999,200.79980156867384,195.11895662966432,-5.680844939009518
3864275215,0.025645352106732675,0.02182361298252447,-0.003821739124208204,0.06075004623205186,0.040727101957495404,-0.020022944274556455,0.9225,0.9725,0.050000000000000044,0.0,0.0,0.0,0.5975,0.58,-0.01750000000000007,198.13716980728026,194.73965832724653,-3.397511480033728
1314299420,0.024799427722161767,0.020616276747044058,-0.004183150975117709,0.054627546777685616,0.035993644027021786,-0.01863390275066383,0.9275,0.9825,0.05500000000000005,0.0,0.0,0.0,0.6075,0.64,0.03249999999999997,195.35120079224055,189.6505156785806,-5.700685113659944
3853905853,0.025388672793259785,0.021320161938277207,-0.004068510854982579,0.05748874369472701,0.04153874101882804,-0.015950002675898967,0.91,0.97,0.05999999999999994,0.0,0.0,0.0,0.61,0.625,0.015000000000000013,192.44088082723135,187.20270776735782,-5.238173059873532
936061274,0.02376811567031399,0.02050691420777344,-0.0032612014625405528,0.0527095632286212,0.03704093407379678,-0.01566862915482442,0.935,0.98,0.04499999999999993,0.0,0.0,0.0,0.6525,0.66,0.007500000000000062,196.87492140195485,190.86631788572151,-6.008603516233336
3589899148,0.0248839315629583,0.020727399497615828,-0.004156532065342472,0.05546403391424406,0.04049675323845523,-0.014967280675788827,0.9325,0.9725,0.040000000000000036,0.0,0.0,0.0,0.63,0.655,0.025000000000000022,197.19413942843664,190.7433034572224,-6.4508359712142465
1573096362,0.02346373586212043,0.020519089088943128,-0.002944646773177302,0.04965801569548282,0.03889868106948183,-0.01075933462600099,0.9525,0.985,0.03249999999999997,0.0,0.0,0.0,0.605,0.63,0.025000000000000022,198.47872716396003,193.36618650425754,-5.112540659702489
3056325930,0.023733976412416827,0.021533954043298675,-0.002200022369118152,0.05005574320583987,0.03957541768936997,-0.0104803255164699,0.95,0.975,0.025000000000000022,0.0,0.0,0.0,0.6275,0.575,-0.05249999999999999,199.3299394603097,194.09835594940006,-5.231583510909644
692740207,0.024018687573044893,0.021237783411242595,-0.002780904161802298,0.05133557478943386,0.040394952290005386,-0.010940622499428475,0.945,0.965,0.020000000000000018,0.0,0.0,0.0,0.6025,0.6475,0.04499999999999993,194.09109749052837,189.42033439715468,-4.670763093373694
48622313,0.024030569528252162,0.021339812373983226,-0.0026907571542689364,0.052061550213151585,0.03873845042677834,-0.013323099786373242,0.935,0.98,0.04499999999999993,0.0,0.0,0.0,0.6325,0.625,-0.007499999999999951,196.5147685644999,191.75765839641576,-4.757110168084125
2865839165,0.025036107318209818,0.020719415949430626,-0.004316691368779192,0.056315128724475354,0.03942949519749301,-0.016885633526982344,0.9275,0.97,0.04249999999999998,0.0,0.0,0.0,0.5975,0.6325,0.03499999999999992,193.7376918921958,188.09889495819561,-5.638796934000197
456309548,0.02430085056538748,0.02049633470881421,-0.0038045158565732685,0.05301379813567721,0.03686024669434098,-0.016153551441336234,0.94,0.975,0.03500000000000003,0.0,0.0,0.0,0.6175,0.64,0.022499999999999964,193.69889176334902,190.43382498887718,-3.2650667744718476
1499224237,0.025307266171275527,0.020778170129237453,-0.004529096042038074,0.057859824745740376,0.03721118112526269,-0.020648643620477684,0.92,0.98,0.05999999999999994,0.0,0.0,0.0,0.6325,0.6675,0.03500000000000003,194.60407978296016,187.58801091994525,-7.016068863014908
2949970050,0.025739534875041423,0.02126093954404662,-0.004478595330994803,0.058879052574326726,0.041685632949479044,-0.017193419624847682,0.9075,0.97,0.0625,0.0,0.0,0.0,0.585,0.635,0.050000000000000044,196.14373004945634,191.49112526126277,-4.652604788193571
1771721319,0.02326034456185993,0.02018624555743611,-0.0030740990044238192,0.04767502032809957,0.036732910689600155,-0.010942109638499412,0.955,0.9925,0.03750000000000009,0.0,0.0,0.0,0.605,0.645,0.040000000000000036,198.22480105852017,191.69139910332945,-6.533401955190726
3506774860,0.02479221377652177,0.021258681632192255,-0.003533532144329516,0.05652129829282328,0.039856437131336075,-0.0166648611614872,0.9225,0.97,0.04749999999999999,0.0,0.0,0.0,0.6175,0.655,0.03749999999999998,191.25186109543506,186.1378390079779,-5.114022087457158
90884049,0.024659363316096385,0.020313901782244924,-0.004345461533851461,0.05812885404470381,0.03742716813483522,-0.020701685909868588,0.92,0.9725,0.05249999999999999,0.0,0.0,0.0,0.5825,0.67,0.08750000000000002,197.70610178895987,193.33071908805215,-4.375382700907721
2499468467,0.024710135364951577,0.02093318624765549,-0.0037769491172960877,0.056512097998425374,0.03859586620506201,-0.017916231793363366,0.9125,0.975,0.0625,0.0,0.0,0.0,0.615,0.6225,0.007500000000000062,197.20401976058997,193.6006868883209,-3.6033328722690783
3489932494,0.02447298468956408,0.021125153237114377,-0.0033478314524497017,0.0555964461054668,0.037282641314339504,-0.0183138047911273,0.9225,0.9825,0.06000000000000005,0.0,0.0,0.0,0.62,0.595,-0.025000000000000022,196.19678773359573,191.10348979618612,-5.093297937409602
2685578304,0.024486147751185357,0.02080505983088656,-0.003681087920298795,0.05483122649826864,0.03784456808211022,-0.016986658416158415,0.9325,0.9775,0.04500000000000004,0.0,0.0,0.0,0.6025,0.645,0.04249999999999998,198.5050929469138,192.1897345763416,-6.3153583705721985
1625133350,0.024562148176566954,0.021127822905857588,-0.0034343252707093666,0.05357200124608841,0.03822765546814951,-0.015344345777938896,0.9425,0.9875,0.04500000000000004,0.0,0.0,0.0,0.5925,0.595,0.0024999999999999467,202.05177497459047,196.46720221418613,-5.584572760404342
1257928623,0.02575811492892634,0.02084009369416413,-0.004918021234762211,0.05365851247677108,0.03765442342936572,-0.016004089047405357,0.93,0.9775,0.04749999999999999,0.0,0.0,0.0,0.5725,0.605,0.03249999999999997,196.46748244172852,191.37663232089477,-5.09085012083375
3777389047,0.023533896617738928,0.020340104764259178,-0.00319379185347975,0.05280384216421626,0.03943877509513299,-0.013365067069083275,0.94,0.9825,0.04250000000000009,0.0,0.0,0.0,0.6325,0.64,0.007500000000000062,197.47808994677467,193.77168080822258,-3.7064091385520896
1430772651,0.02497204115625178,0.020641575648442653,-0.004330465507809127,0.05410843527367184,0.03758733248179299,-0.01652110279187885,0.94,0.9825,0.04250000000000009,0.0,0.0,0.0,0.595,0.645,0.050000000000000044,192.12577501172825,187.52271885983117,-4.6030561518970785
