seed,condition,boundary_taskmatched_D,robust_taskmatched_D,delta,task_overlap_low,task_overlap_high
3997641423,moderate,0.02013191958562115,0.020875511558947762,0.0007435919733266099,185.32971261626204,192.6081219571899
3997641423,strong,0.025460621746620775,0.021082205054778813,-0.004378416691841959,180.57367517192887,194.7186202022368
3406612460,moderate,0.01867018638574313,0.019063657127233558,0.00039347074149042623,184.25632196048127,196.0814293209134
3406612460,strong,0.02327635873901159,0.018357458661186477,-0.004918900077825111,182.83313689871383,193.3406378522278
3617973549,moderate,0.020389080120093037,0.020324456556140947,-6.462356395208822e-05,188.6050257345052,196.65300324216344
3617973549,strong,0.032530377836146464,0.02038110553085223,-0.012149272305294235,186.09818697076983,198.6828010423822
3523391129,moderate,0.02024788559896862,0.020254441695642406,6.556096673790458e-06,187.40584574990763,197.4241645677528
3523391129,strong,0.031920181056932555,0.03433518012140234,0.002414999064469782,186.54176736137717,199.47857174236952
3073857302,moderate,0.02006966046612193,0.02005162943017871,-1.8031035943218837e-05,182.78789226563387,192.42941389656576
3073857302,strong,0.034250825946002754,0.022346472458250045,-0.011904353487752713,178.9836433852317,195.1803706158399
3050864945,moderate,0.02367654242961879,0.01936335785708692,-0.00431318457253187,180.32729833348623,189.4453310098059
3050864945,strong,0.03133304837304359,0.020363567569247773,-0.010969480803795822,175.98866091741144,189.4730575924114
3796736710,moderate,0.022373457137472123,0.020861359021174287,-0.0015120981162978328,179.49670367158242,192.7849643836156
3796736710,strong,0.03680519293523353,0.03318771330599615,-0.003617479629237386,179.52834749219414,192.7617704499201
3741570212,moderate,0.02178427668625664,0.020908208162696156,-0.0008760685235604834,186.38890121553635,196.7230398419829
3741570212,strong,0.03403546285243887,0.026974437205661835,-0.0070610256467770385,179.4289838400722,197.9230590959482
3847042368,moderate,0.021025308755546354,0.019695625546736813,-0.0013296832088095425,183.1515528166915,195.65537153176888
3847042368,strong,0.031880577909748395,0.03069698628174491,-0.001183591628003486,178.3710106637805,197.04392521054424
3849917754,moderate,0.02050332217557952,0.021792448767957055,0.001289126592377531,187.5944997772749,195.3355496861386
3849917754,strong,0.03147692279762182,0.03099646267722112,-0.0004804601204007002,186.19856115556524,198.6643118853859
3797087792,moderate,0.01746554001138796,0.018484011541112386,0.0010184715297244234,187.19114591341287,194.24882024316008
3797087792,strong,0.019964677039944236,0.015633287140606016,-0.004331389899338224,181.78711408853675,194.02121363512327
3017030364,moderate,0.019527230872915344,0.02197918153319014,0.0024519506602747915,184.7242706270266,195.05123684648132
3017030364,strong,0.031409012859930974,0.02840464653270789,-0.003004366327223089,184.56804375393645,196.38844807003545
3829224378,moderate,0.020017626873094232,0.02336347674001996,0.0033458498669257253,185.03108224834543,197.83426794299635
3829224378,strong,0.029112740861476485,0.031129667008614654,0.002016926147138175,187.65015752348475,200.8563380289807
3835095777,moderate,0.02398450326037372,0.021727405165470094,-0.002257098094903628,180.59471802071624,194.44698551439384
3835095777,strong,0.03434026023199916,0.02892841321221703,-0.005411847019782136,176.96244473035364,190.58525172867613
3459530800,moderate,0.020561152182912268,0.018938429346735,-0.001622722836177262,186.87254235607648,200.50675660950168
3459530800,strong,0.03279468446392887,0.02290502300837796,-0.009889661455550909,187.89724093594575,199.86382368084537
3252684061,moderate,0.021731519371029778,0.020393617400008404,-0.0013379019710213756,182.88183567342577,193.3256887731428
3252684061,strong,0.028267572878112244,0.02492790842505449,-0.0033396644530577584,178.13892849521056,192.72104503736605
3027910210,moderate,0.026585941786356596,0.024250338560262624,-0.002335603226093972,177.1681602440424,188.0439305738773
3027910210,strong,0.04807737763878098,0.043324449221988866,-0.0047529284167921165,172.39284173843188,185.94411376671215
3927768750,moderate,0.025120082752423938,0.019795815467367323,-0.005324267285056613,181.4843701106537,191.1463352112464
3927768750,strong,0.037222440791983086,0.030944163630339756,-0.006278277161643329,177.3780068085984,189.42741218202812
3296825225,moderate,0.021602345237623475,0.019010103118412395,-0.0025922421192110788,188.5934166410776,199.2188335598153
3296825225,strong,0.026707960365233926,0.017627940040955657,-0.009080020324278267,185.51113744562383,196.829533422234
3019128100,moderate,0.023741272529924654,0.021403519067109012,-0.0023377534628156384,184.6638425186508,198.3959189096135
3019128100,strong,0.033851288009754905,0.03447982328202427,0.0006285352722693711,185.21833273928428,198.4300939790271
3415729576,moderate,0.02123034315014942,0.022829417484597502,0.0015990743344480836,187.4515532046005,194.8573114760809
3415729576,strong,0.030642097808308226,0.023040473866136727,-0.007601623942171502,183.51083297102264,195.53541865860203
3869966726,moderate,0.021902055582652798,0.020057556940918844,-0.0018444986417339535,178.13523991702152,186.8885877998518
3869966726,strong,0.03459090311390573,0.03180024961803822,-0.0027906534958675143,173.90184999980383,185.2827586330054
3237904162,moderate,0.018481327208745495,0.018403450521775853,-7.787668696964083e-05,187.7161078877769,198.06270451246505
3237904162,strong,0.029620075454290632,0.022062866644624146,-0.007557208809666489,191.10990232934097,198.45655735172343
3303868279,moderate,0.02295841998852151,0.025483288729581808,0.002524868741060297,190.5468937761065,200.5498962245788
3303868279,strong,0.02688115874888372,0.023229430880733006,-0.0036517278681507163,180.36823407698776,200.08013993959503
3527629668,moderate,0.02233813470489641,0.021034459775698035,-0.0013036749291983776,181.03278266349,196.3022138437252
3527629668,strong,0.03694806568058644,0.032989291252614676,-0.003958774427971754,184.1709145890651,199.44462810952527
3708585858,moderate,0.022513161895335334,0.022327498570329757,-0.0001856633250055738,189.41096576029528,202.23186078991688
3708585858,strong,0.03632296535343857,0.03251581177865356,-0.0038071535747850145,190.019283949295,200.03888205205624
3263782778,moderate,0.024532562369021415,0.020638507417642546,-0.0038940549513788703,180.78462954916344,194.90146953970697
3263782778,strong,0.03288656352480334,0.02508003460849725,-0.007806528916306086,183.1817035514336,191.63857260794248
3305908981,moderate,0.02094753532024387,0.01992598212152763,-0.001021553198716245,181.07476433091009,191.68830654273404
3305908981,strong,0.03325893389553569,0.024164811988977863,-0.009094121906557827,183.3172821676709,191.59196548858037
3087008538,moderate,0.02006404879320153,0.019048046921207398,-0.0010160018719941287,184.4290981095645,200.4507624130773
3087008538,strong,0.03796715000734582,0.029404102128189197,-0.00856304787915663,187.9848987847968,204.2580280004563
3853703150,moderate,0.019157255646092507,0.019925882906208104,0.0007686272601155976,181.73584612179263,188.64234444558824
3853703150,strong,0.02671837357555284,0.022008874431974357,-0.00470949914357849,178.26921249472986,190.50259465456907
3979691096,moderate,0.024271488954126768,0.018867146306502987,-0.005404342647623778,183.5027559572732,197.2545748482772
3979691096,strong,0.037235107471422,0.048338653587982554,0.01110354611656055,183.9423648633588,194.85927269504856
3554958271,moderate,0.020698625891570246,0.02113789302996345,0.00043926713839320523,182.2765137874748,189.02964665571037
3554958271,strong,0.03889854564497602,0.035818284363975,-0.003080261281001022,177.61134385087058,190.46643697783972
3008578821,moderate,0.01935256694288998,0.019111605359434472,-0.000240961583455509,185.00859936742728,195.9184033299038
3008578821,strong,0.02866779438696977,0.02107633773195505,-0.007591456655014725,181.1760016387072,197.51476602819287
3825432642,moderate,0.021526396762972133,0.021552564226597935,2.6167463625801835e-05,186.26519770201503,194.81330157190973
3825432642,strong,0.03175427942300226,0.023036940302543732,-0.00871733912045853,182.49113058774657,196.57533708668808
3133163495,moderate,0.019748739319180367,0.017934540376954793,-0.0018141989422255787,189.11676835379825,199.880583734526
3133163495,strong,0.023654199913594638,0.019486295205275672,-0.004167904708318961,181.51239613399696,198.4733771519266
3223282721,moderate,0.018955503870671866,0.019977399434526068,0.001021895563854206,178.0498267633239,186.72539514159573
3223282721,strong,0.029663313902459295,0.02356905236866209,-0.006094261533797208,174.89743160775868,190.440145253296
3015764885,moderate,0.019815566514592455,0.01971595464007829,-9.961187451416146e-05,181.05463727022857,191.39548316912212
3015764885,strong,0.025573726360045995,0.020595666143967344,-0.004978060216078643,174.7258816641089,192.53614882056263
3146805131,moderate,0.020405669177245924,0.01790101055235348,-0.0025046586248924445,181.7322197763073,189.97860845747755
3146805131,strong,0.025943236280858446,0.01808950537952843,-0.007853730901330019,179.40805690847537,190.03816424162235
3279137197,moderate,0.01921197977363808,0.01837940472215651,-0.0008325750514815704,184.57944177176785,189.14488470271155
3279137197,strong,0.025736339704817496,0.020088106191690616,-0.005648233513126885,175.99727047814264,194.20616668166457
3829287145,moderate,0.020154349687709714,0.02087211782336432,0.0007177681356546012,184.1268128819563,193.2292719622783
3829287145,strong,0.02514775171066876,0.020850646383863358,-0.004297105326805401,181.1188034780466,194.1217860469048
3233603356,moderate,0.027723418009629047,0.02498231410485291,-0.0027411039047761394,180.33986538941767,196.47751643854963
3233603356,strong,0.04626386984112483,0.05266436397730347,0.006400494136178646,185.03122738527537,195.15309988439677
3224262746,moderate,0.019105036600221618,0.02105763118370213,0.0019525945834805145,193.07336151034775,201.0862205481309
3224262746,strong,0.03213383820046949,0.0229817350602227,-0.009152103140246792,187.66310894354444,204.48281773062868
3334722169,moderate,0.021818434736237353,0.020388207118087615,-0.0014302276181497357,183.55998541208132,200.7705143931231
3334722169,strong,0.03408224793870751,0.030775514581736756,-0.0033067333569707573,184.24148989981347,200.84890499340813
3165476145,moderate,0.020115724304970967,0.018697489292893978,-0.0014182350120769895,185.3364038680576,195.97704228166145
3165476145,strong,0.030458515471131847,0.023802690785569906,-0.006655824685561939,185.17375816457024,197.94520073198856
3430742932,moderate,0.02265060509854001,0.023102966752348027,0.0004523616538080142,176.82581584437614,190.49393685788505
3430742932,strong,0.037163258983515725,0.03023151467666241,-0.006931744306853314,173.32082029727866,193.9841607039337
3376123110,moderate,0.023417645431352652,0.020949973940190318,-0.0024676714911623363,186.97516863592125,196.25011658579507
3376123110,strong,0.03096496396747428,0.024933928340171108,-0.006031035627303178,183.73457656364891,192.95503823939907
3601391430,moderate,0.020212501631209422,0.021069323276479476,0.0008568216452700552,180.91893142343088,195.3404692291758
3601391430,strong,0.02935032965183709,0.024913883980635012,-0.004436445671202071,180.143030077886,195.71146150456704
3949373273,moderate,0.020532592807708097,0.019397580221688738,-0.0011350125860193577,195.5418701141683,200.93757779744976
3949373273,strong,0.03463397586695526,0.02454805871649851,-0.01008591715045675,192.35863717438409,203.84855924449272
3740935724,moderate,0.018928117231944333,0.021035020285678756,0.0021069030537344256,186.87162153837264,192.3471555096663
3740935724,strong,0.027144171835123798,0.019364924035528072,-0.007779247799595727,183.92524651698216,192.4152517156272
3468584905,moderate,0.022315722171738068,0.021567538456400463,-0.0007481837153376058,186.02703368354284,197.25771062883587
3468584905,strong,0.035660269055954985,0.02474937335357109,-0.010910895702383901,188.7223499955539,198.3861794608329
3627869112,moderate,0.02398896931429074,0.023072390067898168,-0.0009165792463925731,188.0240449532828,199.79319113695584
3627869112,strong,0.038471421912785055,0.035282655865112554,-0.0031887660476725,178.3827767010216,202.94933433219984
3316506436,moderate,0.019871714482302568,0.018807077323347632,-0.0010646371589549367,180.4098838075174,192.8610149050744
3316506436,strong,0.027964395131363128,0.02251335220710807,-0.005451042924255062,181.20309427561847,193.8747820849699
3791664053,moderate,0.017096791953549642,0.017810628176787573,0.0007138362232379269,188.99353658977049,196.13304135538877
3791664053,strong,0.024721609499410213,0.01713349090372096,-0.0075881185956892545,179.71895480433204,195.83467137672315
3844007312,moderate,0.018574343130359546,0.016634090825512364,-0.0019402523048471854,194.8211033399698,197.68977514604472
3844007312,strong,0.025292483728836353,0.018982510759467837,-0.006309972969368517,193.0743205448626,201.0592509238921
3505383392,moderate,0.02457044513264715,0.02113305727079988,-0.003437387861847275,187.24880232513647,196.5216881189932
3505383392,strong,0.04141741890186091,0.04253552039954599,0.0011181014976850857,181.96475284258565,196.84981519479885
3798259255,moderate,0.022660763472036348,0.023145311621348454,0.0004845481493121063,185.75668462107384,201.47820676618076
3798259255,strong,0.035505137443683325,0.02692273858168492,-0.008582398861998398,190.84391779422512,199.63070649083332
3601623917,moderate,0.021747147201970834,0.020687327780904926,-0.0010598194210659077,183.7398693928993,194.6509973441951
3601623917,strong,0.038514327297058545,0.025852202714127578,-0.01266212458293097,185.25335842318933,194.99460280581255
3575360530,moderate,0.021199380778397718,0.020400253377057302,-0.0007991274013404153,185.88185533700567,196.7369371069544
3575360530,strong,0.033086302321152984,0.024487453350517566,-0.00859884897063541,186.4137046239623,197.8133076255258
3020961912,moderate,0.020494901446384214,0.01851546829478979,-0.001979433151594426,189.30025206232003,194.80011252379688
3020961912,strong,0.023754186622030746,0.018096062920076945,-0.005658123701953802,186.20500324098649,194.1510106952757
3829334357,moderate,0.02071742882662091,0.019575154894901525,-0.0011422739317193868,184.36149701470893,195.73410455301712
3829334357,strong,0.03336888724651514,0.02490346982794237,-0.008465417418572775,176.96600506050288,197.9017500638573
3997385386,moderate,0.020345712063771976,0.019260401998400924,-0.0010853100653710505,184.75554431118007,195.00209889540724
3997385386,strong,0.0312769564128455,0.026583175404547348,-0.0046937810082981505,181.6564734864055,199.05727391668475
3239878194,moderate,0.02318258889859681,0.025233104835509612,0.0020505159369128036,180.68396402139075,196.06093347617383
3239878194,strong,0.035458546010035015,0.03891434767627644,0.0034558016662414154,185.0911068768872,195.22374567351952
3569329013,moderate,0.02089956953019847,0.017644443505733128,-0.0032551260244653444,188.14510270288912,195.99972440419063
3569329013,strong,0.03135956173141162,0.020618806613945974,-0.010740755117465648,188.16029322354365,197.1002860771407
3957974096,moderate,0.02025860607805609,0.019259372664200233,-0.0009992334138558575,184.6024827543771,196.06475851786905
3957974096,strong,0.0356764152026214,0.030020873665684258,-0.005655541536937135,181.8175868120161,201.02494339748924
3315063384,moderate,0.0212124465902307,0.02035926226493393,-0.0008531843252967733,181.72647711693105,193.8877511382881
3315063384,strong,0.03732545446884646,0.028234313132928644,-0.009091141335917817,183.8382941463313,195.60794072514256
3784839779,moderate,0.019144405863681112,0.017785227487035583,-0.0013591783766455292,182.71878197739912,193.9325585164921
3784839779,strong,0.029860268514171503,0.020227647396627225,-0.009632621117544276,181.9852074697302,194.33671141761323
3638658962,moderate,0.020789547468740503,0.01856815377825289,-0.0022213936904876114,185.18959077383172,197.48175417244107
3638658962,strong,0.03328873529905733,0.024756914429298275,-0.008531820869759054,178.0929963283233,197.12210283453575
3165536940,moderate,0.01907225787124923,0.0199279668748182,0.0008557090035689692,186.2375675049122,197.42326163771295
3165536940,strong,0.030710107772914934,0.024390029534272554,-0.006320078238642376,186.3085395688444,198.40679334498932
3334509926,moderate,0.02907245078139219,0.024945941797270752,-0.004126508984121441,188.8930961946142,199.42550255994064
3334509926,strong,0.044271714307769564,0.04105997237594033,-0.003211741931829234,181.32123208187903,199.66202988332049
3242517335,moderate,0.021068409987264506,0.020437034882245755,-0.0006313751050187451,186.43487619619657,195.07887934467809
3242517335,strong,0.033339500935309914,0.02737414484764631,-0.005965356087663604,181.80623402136848,196.86607182396045
3328610740,moderate,0.02132932264229609,0.02064717335950786,-0.0006821492827882279,184.3365407453045,194.53899608179285
3328610740,strong,0.03833879559641827,0.029130918123267027,-0.009207877473151244,184.83252167091516,196.63729655941083
3240508356,moderate,0.020603153735733192,0.021059908194652536,0.00045675445891934233,184.9598106269529,194.2163725753241
3240508356,strong,0.029314636556900517,0.027783595230559458,-0.0015310413263410496,181.23390994465217,194.92218768152304
3048398703,moderate,0.02197029115551479,0.025501943445728897,0.0035316522902141085,188.7416024284369,202.18189624093088
3048398703,strong,0.03851077959312892,0.03181383686007805,-0.006696942733050876,188.95757532152112,202.43723106438887
3359997285,moderate,0.021476929372470643,0.020449364180982255,-0.0010275651914883888,185.19097165231065,194.67860752135124
3359997285,strong,0.0314740019657385,0.022483162605393618,-0.008990839360344885,183.20765778431604,191.79979523141844
3454948477,moderate,0.01956362684100931,0.018196391258158102,-0.0013672355828512096,188.67284353229917,195.19193798021888
3454948477,strong,0.030006045522137495,0.02078720067212563,-0.009218844850011863,187.34101712588813,198.55700779802757
3468673266,moderate,0.024717786322757937,0.022267733599114412,-0.0024500527236435195,181.08778968952328,195.171524245657
3468673266,strong,0.04326584559519404,0.04787981941027018,0.00461397381507615,178.33540741526707,193.0744164843996
3355552449,moderate,0.023228645022149236,0.019984914945494956,-0.0032437300766542786,181.7930645339074,190.4030038532958
3355552449,strong,0.03989633800285842,0.03134635905323773,-0.008549978949620687,176.28730946644717,190.5747177638721
3688259442,moderate,0.023649165842324304,0.02383705846826283,0.0001878926259385272,187.12645573236605,198.81122459680097
3688259442,strong,0.042262035101336116,0.039542512189377786,-0.0027195229119583277,184.6046763457944,200.74894571315457
3619683170,moderate,0.019636154285311794,0.01939702764143047,-0.00023912664388132753,188.70395898206573,200.27849570503565
3619683170,strong,0.026749013487964515,0.02016467854440605,-0.006584334943558471,180.6356848828917,198.7355502055732
3321522469,moderate,0.020501926170527245,0.01712505798392436,-0.0033768681866028867,188.71726125020191,197.0663473214552
3321522469,strong,0.03280598279049347,0.026115163571100417,-0.006690819219393055,182.06710212913836,198.6690485163381
3284110371,moderate,0.022066686335123167,0.019675807908534987,-0.002390878426588183,183.3606575940595,194.88659431639232
3284110371,strong,0.032680763986878504,0.02145047016668618,-0.011230293820192323,183.54044671606783,198.73872520317792
3192825773,moderate,0.021647768298180263,0.022375505608073786,0.0007277373098935259,183.0996402262806,201.1243278952009
3192825773,strong,0.03562938386708474,0.056225568413116316,0.02059618454603157,183.41637136499105,199.3020382330092
3541583164,moderate,0.015102861141401164,0.017790645481986028,0.0026877843405848654,187.7823568272985,193.77749489459853
3541583164,strong,0.019169318737037047,0.01656384216516352,-0.002605476571873532,187.17416580653344,195.45124581322736
3592523615,moderate,0.02103473621448073,0.020411732932238295,-0.0006230032822424341,179.92565143619535,193.0000482435034
3592523615,strong,0.03384588356009294,0.02465160110998931,-0.009194282450103617,180.05190620269587,195.8840246101884
3098044051,moderate,0.020493136298392008,0.018479379844486707,-0.0020137564539053025,187.19391771274007,196.3043389601977
3098044051,strong,0.03104093772594382,0.020702341010603267,-0.010338596715340551,184.3372474343141,197.3726610122771
3001635530,moderate,0.01808949616916612,0.018911468251615847,0.000821972082449727,183.02535279101576,192.10652178462945
3001635530,strong,0.035240059892310174,0.02419727230597517,-0.011042787586335001,185.28224886591687,195.3576324931126
3739170353,moderate,0.021137122944675124,0.021259987856792516,0.0001228649121173897,180.31691460827523,191.47630504590967
3739170353,strong,0.023183123875797754,0.020997436174356905,-0.0021856877014408533,180.8327785712878,191.19322052411871
3112972819,moderate,0.019386270811513433,0.021031899230093253,0.0016456284185798233,181.6717214797372,193.54566850471824
3112972819,strong,0.03137038942058219,0.02225696319656643,-0.00911342622401576,183.93548661466505,194.74525132104756
3411252841,moderate,0.023730448971743385,0.02068026355791195,-0.003050185413831433,184.44462842588155,195.43830202285164
3411252841,strong,0.04047142500307944,0.02838541132100042,-0.01208601368207902,182.7046803224198,195.8579225095855
3230331442,moderate,0.01993416717111594,0.019188964851042645,-0.0007452023200732952,177.57409434868518,185.87404020308688
3230331442,strong,0.02902043173055734,0.019744195279443683,-0.00927623645111366,170.7466292811689,188.7374273672358
3091721699,moderate,0.023309431799139226,0.02481759573399608,0.0015081639348568567,188.26948553138357,197.69366608024268
3091721699,strong,0.033725822208254076,0.02925522134671664,-0.004470600861537435,189.0845448748303,198.09956108940983
3055558552,moderate,0.017326197488128966,0.01643650712181603,-0.0008896903663129351,184.8063411043556,195.20181914294017
3055558552,strong,0.024670658656169738,0.01789279452483837,-0.006777864131331369,182.6102152538081,197.35663987399187
3276966135,moderate,0.022979137529784657,0.019862017898492693,-0.003117119631291964,185.6390956737748,196.86644860039328
3276966135,strong,0.028117745140429643,0.02202282538351248,-0.006094919756917163,177.9116648499686,196.0202736125578
3494738899,moderate,0.02496135360482742,0.022467593294067577,-0.0024937603107598387,190.6321084073238,198.31520238112032
3494738899,strong,0.028680729346716623,0.02459890660365844,-0.004081822743058183,175.7271189080445,197.73780224820317
3100616982,moderate,0.01752483795608277,0.017881351855941856,0.0003565138998590818,193.57941132751887,201.98632380716836
3100616982,strong,0.03571167748904928,0.024155192903068546,-0.01155648458598074,189.14671378513404,207.7394732198464
3300334751,moderate,0.022699987979739752,0.02086967273831451,-0.001830315241425244,185.57417587539425,196.7603700115185
3300334751,strong,0.031734346188898005,0.020431394786204527,-0.011302951402693474,179.6753869112232,195.83551259953643
