seed,method,condition,mean_D,p95_D,viability_occupancy,severe_fraction,action_agreement,cumulative_task
3389111171,mse,strong,0.0310432130672729,0.078123443511134,0.84,0.0,0.4575,194.00026755231434
3389111171,noise_aware,strong,0.030898336220586284,0.07548961123490684,0.835,0.0,0.4575,189.44598859234648
3389111171,sharpness_aware,strong,0.037847076795555344,0.08768223969201577,0.73,0.0025,0.445,196.86222189387706
3084139821,mse,strong,0.03287970674743306,0.07916322673860017,0.7925,0.0,0.4475,192.18337139537832
3084139821,noise_aware,strong,0.03397139693725196,0.0853762007574722,0.775,0.0,0.43,191.1289928599801
3084139821,sharpness_aware,strong,0.037559836357277464,0.09421555142354218,0.745,0.0,0.4425,195.55167632556504
2042987557,mse,strong,0.024109822670288203,0.061749332179979646,0.91,0.0,0.5175,183.20902043534417
2042987557,noise_aware,strong,0.023548438884015175,0.05835347906990673,0.915,0.0,0.49,182.02086548610413
2042987557,sharpness_aware,strong,0.026829177371424328,0.0636510958139435,0.8775,0.0,0.4625,185.79248659608385
3002971205,mse,strong,0.02434328669196558,0.06035275617695373,0.8875,0.0,0.475,191.7911673868656
3002971205,noise_aware,strong,0.030773131913743593,0.07678695663212792,0.8125,0.0025,0.4625,188.93489397189444
3002971205,sharpness_aware,strong,0.03099988086076143,0.07600438900373163,0.8175,0.0025,0.475,194.5378781770874
4027510005,mse,strong,0.036026274923548256,0.08789025262485209,0.78,0.0025,0.4325,195.794824726852
4027510005,noise_aware,strong,0.030901665033102363,0.07963731955382634,0.84,0.0025,0.45,190.93065989378485
4027510005,sharpness_aware,strong,0.02888243128848703,0.07238414370169191,0.8575,0.0,0.465,196.4317735499322
2672624958,mse,strong,0.03948149519698962,0.09259183074559527,0.7225,0.0,0.44,195.23024663063592
2672624958,noise_aware,strong,0.046588438504537664,0.10386657094727181,0.6375,0.0,0.4025,197.03875219449014
2672624958,sharpness_aware,strong,0.03428028407128462,0.07759042036486281,0.7875,0.0,0.4375,195.75568614104407
2738655513,mse,strong,0.03500777196626709,0.089312960612398,0.78,0.005,0.455,188.86803397712714
2738655513,noise_aware,strong,0.03394801129164159,0.08587377514411769,0.7825,0.0,0.4675,186.50818495424767
2738655513,sharpness_aware,strong,0.03802485521006674,0.0972890649393531,0.7475,0.0075,0.465,191.9302802685272
829092966,mse,strong,0.03359201797385614,0.08154179598011665,0.8,0.0,0.4425,185.40297504256927
829092966,noise_aware,strong,0.03030128921549006,0.07362870597259359,0.845,0.0,0.4575,186.38407469483673
829092966,sharpness_aware,strong,0.030697452345067343,0.0761749714240972,0.815,0.0,0.47,189.91500972339492
2633362063,mse,strong,0.02953119811012432,0.0796958614986104,0.86,0.0,0.485,188.98652189044475
2633362063,noise_aware,strong,0.028971225764470664,0.06838690046745304,0.8575,0.0,0.4625,185.7359293679118
2633362063,sharpness_aware,strong,0.029228394379839585,0.07612656939564816,0.8625,0.0,0.46,188.81479070262682
962559107,mse,strong,0.02964108939951482,0.07250084498820918,0.8375,0.0,0.47,191.12154797868266
962559107,noise_aware,strong,0.036372834798784906,0.08462073361804484,0.7625,0.0,0.48,192.96205166618932
962559107,sharpness_aware,strong,0.03643011211381652,0.08729137947617263,0.765,0.0,0.445,193.73325601440197
1093805409,mse,strong,0.028402915088409766,0.06266681574261411,0.8625,0.0,0.47,191.9574885859842
1093805409,noise_aware,strong,0.033952533995251555,0.07872166002689954,0.795,0.0,0.465,189.92974956334746
1093805409,sharpness_aware,strong,0.03495495415665465,0.08644089899745622,0.77,0.0,0.465,197.0444041283556
962587854,mse,strong,0.021499280310544763,0.05098399922439117,0.9475,0.0,0.4975,187.68571429001378
962587854,noise_aware,strong,0.021677975994816353,0.05473068328009069,0.935,0.0025,0.4925,187.79250985188202
962587854,sharpness_aware,strong,0.02460206191348267,0.059271544027655824,0.905,0.0,0.4675,191.79582337872966
860894674,mse,strong,0.028362107221270475,0.0713219818756493,0.87,0.0,0.475,195.20133986533796
860894674,noise_aware,strong,0.032888651435660915,0.07395707664333832,0.78,0.0,0.435,197.56597599093794
860894674,sharpness_aware,strong,0.03300395455569666,0.08293631061313687,0.795,0.0,0.455,198.34319104264353
3655813037,mse,strong,0.024232456856952724,0.0611581246020887,0.8875,0.0,0.4775,195.1223635394283
3655813037,noise_aware,strong,0.0286994080817686,0.07272455128551508,0.8525,0.0,0.4475,191.82132230856763
3655813037,sharpness_aware,strong,0.03664954998166463,0.08618881411014136,0.7725,0.0025,0.435,203.8433488238455
3584847826,mse,strong,0.035418630525592236,0.09012150293028291,0.765,0.0,0.4725,196.22919911758373
3584847826,noise_aware,strong,0.03523398035162645,0.0848212479733262,0.7625,0.0,0.4475,194.11378851534516
3584847826,sharpness_aware,strong,0.0358751827024789,0.09309647881118759,0.7725,0.0025,0.46,195.09542075606194
3191201105,mse,strong,0.030379858184196654,0.07000143274097026,0.855,0.0,0.4575,197.4987247527227
3191201105,noise_aware,strong,0.03723041939923354,0.09082544050012188,0.7325,0.0,0.465,199.89819083671816
3191201105,sharpness_aware,strong,0.03996771999886337,0.09652835443351936,0.695,0.0,0.455,200.0519968294478
2911101028,mse,strong,0.031125513431606924,0.06751994512272641,0.8225,0.0,0.44,188.04974085357247
2911101028,noise_aware,strong,0.028272999228849783,0.06942429792859885,0.865,0.0,0.4375,187.4362586417971
2911101028,sharpness_aware,strong,0.028599015934451827,0.0697796647893775,0.85,0.0,0.4275,189.74920714604403
1310972635,mse,strong,0.023342432726626092,0.06074235291704047,0.89,0.0,0.455,186.7878177766206
1310972635,noise_aware,strong,0.02408625380814514,0.05986640262108298,0.915,0.0,0.5025,187.8473782630102
1310972635,sharpness_aware,strong,0.03285261639568342,0.08347408520144435,0.7825,0.0,0.46,190.370750574111
3628597686,mse,strong,0.02618395547990966,0.06275659301231558,0.8875,0.0,0.4575,187.62110450295359
3628597686,noise_aware,strong,0.027776124535153865,0.06697247274316957,0.8775,0.0,0.45,186.4008736073961
3628597686,sharpness_aware,strong,0.029753140860139873,0.07242847430582815,0.8525,0.0,0.4375,192.2232141911091
3381601262,mse,strong,0.023274489810720524,0.05544069407647324,0.9175,0.0,0.4675,184.60164529284833
3381601262,noise_aware,strong,0.0266257478248013,0.06302463874354663,0.89,0.0,0.4775,187.1819915791349
3381601262,sharpness_aware,strong,0.0345046760238934,0.08616028157894748,0.7875,0.0,0.45,188.84644974097046
3092867210,mse,strong,0.02773950945584369,0.0683021276294296,0.8575,0.0025,0.455,190.63404312669056
3092867210,noise_aware,strong,0.03084014137450681,0.06965627765843448,0.8275,0.0,0.4425,191.9136362919612
3092867210,sharpness_aware,strong,0.03370714571496702,0.07546114413732016,0.7825,0.0025,0.4425,195.78578750972682
2622879300,mse,strong,0.03550645021369031,0.08176894728642467,0.77,0.0,0.5025,191.9692440339335
2622879300,noise_aware,strong,0.03831721645941678,0.09165315155224764,0.74,0.0,0.47,192.53023977791773
2622879300,sharpness_aware,strong,0.03551567141072721,0.09395846737804397,0.755,0.0025,0.4575,191.64841197497955
2937656991,mse,strong,0.03039540366048916,0.07332266379752045,0.835,0.0,0.4775,189.60875456329995
2937656991,noise_aware,strong,0.03651153938035811,0.08859546900267444,0.7525,0.0,0.4675,191.84859937505126
2937656991,sharpness_aware,strong,0.035120227109287507,0.07950296693718077,0.7875,0.0,0.455,194.8383372303224
1872448827,mse,strong,0.022796016124711195,0.056331128141758315,0.9175,0.0,0.465,187.94611024217738
1872448827,noise_aware,strong,0.02488542032118985,0.06077539693214201,0.8975,0.0,0.445,191.03936202724907
1872448827,sharpness_aware,strong,0.024337011148803548,0.06013060039052751,0.92,0.0,0.4675,191.65434582475228
2027309548,mse,strong,0.03360145327188272,0.07553980337831434,0.7975,0.0,0.475,186.47475851250846
2027309548,noise_aware,strong,0.033122529816698075,0.08527409909249808,0.7825,0.0025,0.4725,184.99659575042153
2027309548,sharpness_aware,strong,0.03373809592595294,0.0815387971384049,0.785,0.0,0.4675,189.60313882880388
2136321268,mse,strong,0.030276605633137377,0.07711680120969124,0.83,0.0025,0.455,188.60084582437491
2136321268,noise_aware,strong,0.02974821139136548,0.07535244754175757,0.8475,0.0,0.48,189.2767400266377
2136321268,sharpness_aware,strong,0.02988043664329276,0.07647422198579437,0.8375,0.0,0.4775,191.6504548738293
3252490845,mse,strong,0.021515105366436214,0.05294240819262897,0.935,0.0,0.4875,188.90706081447792
3252490845,noise_aware,strong,0.026122211472513035,0.06700064534405978,0.8725,0.0,0.4575,194.6317938153284
3252490845,sharpness_aware,strong,0.022994671727060226,0.05890551715144049,0.92,0.0,0.4575,193.13304443247665
3692477288,mse,strong,0.03549650777021796,0.08846530397571771,0.78,0.0,0.43,183.831508931322
3692477288,noise_aware,strong,0.031048399171827893,0.07234233186830341,0.84,0.0025,0.47,185.89785623662516
3692477288,sharpness_aware,strong,0.03385202327475025,0.0896087534564236,0.8,0.0,0.425,187.41495367835807
72726709,mse,strong,0.03568475579606918,0.08915212634388392,0.7525,0.0,0.425,191.4125266535689
72726709,noise_aware,strong,0.030844004919733617,0.07493853343084839,0.8225,0.0,0.445,190.22040356087425
72726709,sharpness_aware,strong,0.033013347982039726,0.08216617222437957,0.79,0.0,0.465,191.93545169663332
263809025,mse,strong,0.03785336017281568,0.09064603888964425,0.755,0.0,0.455,192.46848682062208
263809025,noise_aware,strong,0.03833511626705593,0.08331660935285987,0.75,0.0,0.45,193.50679315165485
263809025,sharpness_aware,strong,0.044625299505041446,0.11109367148090402,0.695,0.0075,0.4425,195.5403222328766
388266878,mse,strong,0.020793499213625277,0.050296579990292946,0.945,0.0,0.48,184.3350878885385
388266878,noise_aware,strong,0.026210792445986925,0.06629043004548618,0.885,0.0,0.4775,184.7859925141813
388266878,sharpness_aware,strong,0.029301226587360563,0.07307095655526934,0.855,0.0,0.465,189.96297381913075
3805909048,mse,strong,0.032238901443287046,0.0822426238109464,0.81,0.0,0.455,192.21193344485528
3805909048,noise_aware,strong,0.032631813198815314,0.07935296082362714,0.8175,0.0025,0.4675,197.75551039797926
3805909048,sharpness_aware,strong,0.0335223963025506,0.08027113200071624,0.81,0.0,0.455,196.23176699682364
3006661105,mse,strong,0.02496453239041353,0.06260474509909904,0.88,0.0,0.43,189.83748169603433
3006661105,noise_aware,strong,0.02650429651800711,0.06648038142607636,0.8775,0.0,0.4475,186.83546383808925
3006661105,sharpness_aware,strong,0.03196909923024556,0.07649389428621807,0.8075,0.0,0.4275,192.12870240321962
2400255462,mse,strong,0.039095644478583755,0.0992251173585162,0.7275,0.0,0.445,185.6610456909981
2400255462,noise_aware,strong,0.03969297356005966,0.0920440249272431,0.72,0.0025,0.435,185.74607234301428
2400255462,sharpness_aware,strong,0.03488913692892712,0.08782552167050987,0.7775,0.0,0.44,188.42184929112
1592815009,mse,strong,0.022571803261682274,0.05717318339844385,0.925,0.0,0.46,195.53186216587466
1592815009,noise_aware,strong,0.02324468576544073,0.06021649593964855,0.915,0.0,0.465,194.845625703703
1592815009,sharpness_aware,strong,0.023781938432234452,0.06048476722243433,0.9175,0.0,0.4625,197.92051945668214
616946658,mse,strong,0.02894522337734267,0.07481143258657859,0.85,0.0,0.4625,187.71838380912115
616946658,noise_aware,strong,0.02987138020384699,0.07571735097375071,0.84,0.0,0.475,189.55492937517405
616946658,sharpness_aware,strong,0.028470156968378596,0.07510289436091001,0.86,0.0,0.4575,187.54365401088185
4125253457,mse,strong,0.05604108021395267,0.13064238051875554,0.5325,0.0025,0.42,191.25207484907875
4125253457,noise_aware,strong,0.04317541090388463,0.10533108503524488,0.6725,0.0,0.4175,185.97489604528488
4125253457,sharpness_aware,strong,0.050085775248577546,0.12292469607871218,0.595,0.0025,0.4125,189.4523639235436
1894299039,mse,strong,0.03269668870286152,0.0735518171354414,0.7925,0.0,0.44,188.6331437495246
1894299039,noise_aware,strong,0.031464475267003356,0.07455139553806407,0.825,0.0,0.425,189.07787622014303
1894299039,sharpness_aware,strong,0.03320930627156724,0.07200304572175753,0.825,0.0,0.4075,191.07082638045028
1826657357,mse,strong,0.03234263162864803,0.07871931407541377,0.815,0.0,0.44,192.7618385944718
1826657357,noise_aware,strong,0.03164451360535694,0.07212375673948702,0.8275,0.0,0.4275,193.3975912548754
1826657357,sharpness_aware,strong,0.027625524086709947,0.06637809355277415,0.865,0.0,0.4475,189.9368839229423
3869760332,mse,strong,0.025559834468304576,0.07047953990140574,0.9,0.0,0.4825,177.91156755987225
3869760332,noise_aware,strong,0.02897730357449066,0.07568709787605543,0.85,0.0025,0.4375,176.09048784994502
3869760332,sharpness_aware,strong,0.023549907541190674,0.05631975884512857,0.9275,0.0,0.4775,177.6001167467686
3942096291,mse,strong,0.02547456564559825,0.06544795054185826,0.8825,0.0,0.4725,187.7266151636054
3942096291,noise_aware,strong,0.029403636911813472,0.07158031748607876,0.8325,0.0,0.49,185.68762138000716
3942096291,sharpness_aware,strong,0.030268141316784302,0.0859449539575773,0.8325,0.0,0.4725,188.7680027965263
4196962272,mse,strong,0.026923723340998372,0.06284056340942602,0.8725,0.0,0.47,190.64371632788567
4196962272,noise_aware,strong,0.03470055682100444,0.08436461419737457,0.775,0.0,0.4375,191.37028582781423
4196962272,sharpness_aware,strong,0.03062902149843583,0.07079821530487046,0.835,0.0025,0.4525,191.8848685119355
650737436,mse,strong,0.024594394021679903,0.06718662980299613,0.9125,0.0,0.455,192.57985340871983
650737436,noise_aware,strong,0.025766777578155292,0.06413520767723374,0.8975,0.0,0.435,194.89854877312666
650737436,sharpness_aware,strong,0.029507385160463296,0.07487096198396609,0.8675,0.0,0.445,197.734052022547
2765233509,mse,strong,0.033912140102226436,0.08173244796156978,0.7875,0.0,0.4625,184.9042079372859
2765233509,noise_aware,strong,0.03492499679911607,0.08314521697663878,0.7875,0.0,0.4325,186.0724509854734
2765233509,sharpness_aware,strong,0.032719504922535884,0.080644577487357,0.8075,0.0,0.45,185.70596104869523
2648460118,mse,strong,0.03684146190788226,0.09223189125221373,0.7675,0.0,0.47,190.5571394318574
2648460118,noise_aware,strong,0.029682712643123044,0.06983782094658295,0.8575,0.0,0.475,184.97661518591673
2648460118,sharpness_aware,strong,0.03450121662736483,0.09302080553686708,0.7925,0.0,0.46,190.0849888885166
2721002355,mse,strong,0.02928118395178507,0.07057751268246996,0.8525,0.0,0.495,189.22309392002228
2721002355,noise_aware,strong,0.027575303985616344,0.06471401026743868,0.8675,0.0,0.5,186.32511859597543
2721002355,sharpness_aware,strong,0.03480560717621698,0.08451887366724858,0.7925,0.0,0.44,193.18689712409994
1443607338,mse,strong,0.03447674426787398,0.08444115329111719,0.7975,0.0,0.43,193.6329230885961
1443607338,noise_aware,strong,0.03711803907465814,0.0839305308285966,0.7675,0.005,0.4525,196.21353324681195
1443607338,sharpness_aware,strong,0.03154795318213992,0.07548930502908527,0.83,0.0,0.475,195.1641600766953
3718361383,mse,strong,0.02261809419495457,0.055286888828804524,0.925,0.0,0.4375,191.88240988436525
3718361383,noise_aware,strong,0.022373312538064606,0.052465604732447955,0.9375,0.0,0.4725,189.04565650092223
3718361383,sharpness_aware,strong,0.02590604073852227,0.06122283537794675,0.89,0.0,0.4375,193.41363672311465
2813098644,mse,strong,0.042698402544693065,0.10728671458417477,0.685,0.0,0.41,191.45454533135592
2813098644,noise_aware,strong,0.040722416398379986,0.10025253807205696,0.7025,0.0,0.43,187.357167402987
2813098644,sharpness_aware,strong,0.03800939767293052,0.09679829007447192,0.75,0.0,0.445,190.97486091960766
4226629241,mse,strong,0.040555821806265796,0.09619501969239826,0.71,0.0,0.4275,185.9722222302923
4226629241,noise_aware,strong,0.03308789628646113,0.07841842920846197,0.8125,0.0,0.48,188.0253133333805
4226629241,sharpness_aware,strong,0.037052920863980224,0.0914260672509448,0.765,0.0,0.44,188.74939403522876
1180688000,mse,strong,0.02618726441447353,0.06625326915918751,0.8875,0.0025,0.4475,183.1257264640966
1180688000,noise_aware,strong,0.031017549693782735,0.07476200317761028,0.8375,0.0,0.4525,180.87871388661736
1180688000,sharpness_aware,strong,0.03211809108876423,0.07728792895104161,0.81,0.0,0.435,189.68347378357265
2121584357,mse,strong,0.028517910548983096,0.06942856731247395,0.8625,0.0,0.455,190.86727202148452
2121584357,noise_aware,strong,0.029839845430241825,0.06937688676110862,0.84,0.0,0.4475,190.3205889133115
2121584357,sharpness_aware,strong,0.029668106848434808,0.07697078177117772,0.825,0.0,0.465,193.1272045527465
724579447,mse,strong,0.026928970586562594,0.06334627739394609,0.88,0.0,0.46,184.27660844608135
724579447,noise_aware,strong,0.028968953363269375,0.0668602371858958,0.8525,0.0,0.4675,186.08043343779667
724579447,sharpness_aware,strong,0.031600469510519404,0.07376942135688387,0.835,0.0025,0.485,190.32145593765344
1117812916,mse,strong,0.034119088392491045,0.08129731589181635,0.7625,0.0,0.455,193.09585631210993
1117812916,noise_aware,strong,0.02975470940261908,0.07220231534932696,0.8325,0.0,0.4425,194.16192455597073
1117812916,sharpness_aware,strong,0.03457026119151312,0.08257741432051446,0.78,0.0,0.4425,193.85804117122944
1530323167,mse,strong,0.02899360729871296,0.07401894542676654,0.8475,0.0,0.45,188.74637968956748
1530323167,noise_aware,strong,0.029471948232393175,0.07575884055394207,0.865,0.0,0.465,185.68990113923783
1530323167,sharpness_aware,strong,0.03129124087788207,0.07811020862884938,0.825,0.0,0.4425,188.43406789286257
1709400583,mse,strong,0.023355699945574328,0.05690790469494423,0.9175,0.0,0.4525,189.66995461722183
1709400583,noise_aware,strong,0.0249654783250577,0.05723751725164147,0.9175,0.0,0.47,188.82472402587882
1709400583,sharpness_aware,strong,0.025996866197735412,0.05985468982734345,0.8775,0.0,0.4625,188.9343024930601
1133912448,mse,strong,0.022714817276296238,0.05600935527285955,0.925,0.0,0.475,190.87958835922313
1133912448,noise_aware,strong,0.02612628118030468,0.06325051146504711,0.875,0.0,0.4575,194.8144008467321
1133912448,sharpness_aware,strong,0.027743671787878964,0.06833960797040992,0.875,0.0,0.455,195.44232616652317
3841604218,mse,strong,0.037948389634435274,0.0877879604513873,0.72,0.0,0.435,190.77981209377367
3841604218,noise_aware,strong,0.03152906411627915,0.07825149759440832,0.825,0.0,0.46,190.54333811945733
3841604218,sharpness_aware,strong,0.03443703206806829,0.0808676535666872,0.77,0.0,0.435,193.4789138807937
1476672215,mse,strong,0.034581400007374016,0.09345366589182258,0.7725,0.0025,0.4575,193.25448618741905
1476672215,noise_aware,strong,0.031210246294099627,0.07054517858783749,0.8025,0.0,0.455,192.67744975685562
1476672215,sharpness_aware,strong,0.03688445040367162,0.09646754796578669,0.7725,0.0025,0.4525,192.48619730434785
884250997,mse,strong,0.03752530458506241,0.0892079881957065,0.75,0.0,0.435,189.28386502934518
884250997,noise_aware,strong,0.03240316401077608,0.07867258270727426,0.8075,0.0,0.46,185.3148632815969
884250997,sharpness_aware,strong,0.03225435163895471,0.07306550193018194,0.8175,0.0,0.4375,187.05293425032738
1002348142,mse,strong,0.029158256147660436,0.06818183434243372,0.86,0.0,0.4675,186.1134135764738
1002348142,noise_aware,strong,0.03144040559748208,0.07276572604552774,0.8275,0.0,0.44,187.7205133901749
1002348142,sharpness_aware,strong,0.027764896288171206,0.07115754798720843,0.865,0.0,0.4725,186.42060441718786
1627011397,mse,strong,0.020501251928095175,0.049505492162698804,0.9525,0.0,0.475,191.7994009816676
1627011397,noise_aware,strong,0.021101308989777637,0.05244153388516623,0.94,0.0,0.4725,187.08195329366117
1627011397,sharpness_aware,strong,0.02069675060913466,0.04884669532263697,0.955,0.0,0.4875,190.87351297528812
1076126967,mse,strong,0.02975493579056653,0.08240594249186681,0.8425,0.0,0.4675,185.4605505321305
1076126967,noise_aware,strong,0.028271407670132268,0.06922338059629642,0.8575,0.0,0.5025,182.963084769225
1076126967,sharpness_aware,strong,0.027607284093049914,0.07163404182366957,0.86,0.0,0.4975,188.25904010597438
923743962,mse,strong,0.034983046551135356,0.08743492928884103,0.7775,0.0025,0.45,195.33775796043057
923743962,noise_aware,strong,0.03151358378985835,0.06882737679900516,0.8375,0.0,0.45,192.60981421030505
923743962,sharpness_aware,strong,0.033457744516882125,0.07662975713596637,0.7725,0.0,0.45,197.11558198615188
3894377936,mse,strong,0.019488615401638792,0.04855639286867808,0.9525,0.0,0.4525,185.42017286324693
3894377936,noise_aware,strong,0.022675678004918823,0.05534896968614679,0.9175,0.0,0.4925,183.31906842798753
3894377936,sharpness_aware,strong,0.025800634827772395,0.06487423843306907,0.8775,0.0,0.4775,189.71762685754183
1825409742,mse,strong,0.024982729910097545,0.06184426845402886,0.905,0.0,0.45,196.2639910983816
1825409742,noise_aware,strong,0.02762667856018216,0.06469253804170824,0.8875,0.0,0.4575,196.04302547280184
1825409742,sharpness_aware,strong,0.028259109999116423,0.06882705225655704,0.88,0.0,0.47,198.55144719566584
907752744,mse,strong,0.031362118575842805,0.07390107507292284,0.8325,0.0,0.47,182.11626467204132
907752744,noise_aware,strong,0.03001349959127508,0.07420684564916874,0.8425,0.0,0.4625,178.55990029515493
907752744,sharpness_aware,strong,0.030722779791774242,0.07596432592859607,0.835,0.0,0.455,180.7400268845815
1662780807,mse,strong,0.023332415802799683,0.057657027073694835,0.92,0.0,0.4825,186.16651873097203
1662780807,noise_aware,strong,0.02496312386469337,0.06193049494199323,0.9,0.0,0.4525,187.8050863526219
1662780807,sharpness_aware,strong,0.028101339730597977,0.06414444416834832,0.86,0.0,0.47,188.78323483150717
2121423049,mse,strong,0.02609619007428407,0.06598662866396056,0.88,0.0,0.48,190.7798345959544
2121423049,noise_aware,strong,0.028568407156873584,0.06659065646784591,0.85,0.0,0.475,189.78343735433094
2121423049,sharpness_aware,strong,0.028020505670589627,0.0657669782726998,0.86,0.0,0.4825,190.7168560918476
3968988679,mse,strong,0.031011890173661714,0.08096663471673964,0.8275,0.0,0.485,192.77043560857305
3968988679,noise_aware,strong,0.03476140363147428,0.08373513739901274,0.78,0.0,0.455,193.76234985823706
3968988679,sharpness_aware,strong,0.029841758998162014,0.07560232570550075,0.8525,0.0,0.4875,191.00625434796598
1493249476,mse,strong,0.030313762398607516,0.07570752759362384,0.82,0.0,0.44,187.78928864935835
1493249476,noise_aware,strong,0.03045153063696529,0.07665048278702134,0.8025,0.0,0.445,188.44376905825413
1493249476,sharpness_aware,strong,0.032957451215033864,0.07991023042816875,0.795,0.0,0.4375,193.017473300855
1567049265,mse,strong,0.02607781148483845,0.06464730684332146,0.905,0.0,0.4725,185.68329612492556
1567049265,noise_aware,strong,0.024827322001922905,0.06779407996654359,0.9025,0.0,0.44,185.79768393410404
1567049265,sharpness_aware,strong,0.026569619036040396,0.06763202794833482,0.8925,0.0,0.4775,184.48300185555374
1443871119,mse,strong,0.03329146181433127,0.07941326900280495,0.81,0.0,0.47,192.00307340281958
1443871119,noise_aware,strong,0.029970693687460637,0.07382999811661096,0.8525,0.0,0.475,192.46860415550725
1443871119,sharpness_aware,strong,0.03277261432861927,0.08364813513269119,0.805,0.0,0.4825,189.33645446129609
207789827,mse,strong,0.025041291921022796,0.06286098161618464,0.905,0.0,0.485,191.97767489214823
207789827,noise_aware,strong,0.0266765551310346,0.06560073092444575,0.875,0.0,0.4675,189.38415807869248
207789827,sharpness_aware,strong,0.026958767111425325,0.06511856445843993,0.89,0.0,0.48,191.99850906138812
2665534169,mse,strong,0.03041400254094836,0.07260642414240882,0.8425,0.0,0.4875,184.68501529213972
2665534169,noise_aware,strong,0.03011149941257938,0.07244492870506962,0.845,0.0,0.4825,184.30149844547418
2665534169,sharpness_aware,strong,0.02994591731080325,0.07282801907138872,0.84,0.0,0.4875,186.76875886369265
3207734048,mse,strong,0.02860152089841904,0.07156233295887104,0.8675,0.0,0.49,185.8600392639025
3207734048,noise_aware,strong,0.027968639740019795,0.0693818797694397,0.865,0.0,0.49,186.50239866601817
3207734048,sharpness_aware,strong,0.02826732687140656,0.07288671372070767,0.8725,0.0,0.465,188.69648812686404
659579441,mse,strong,0.0269449538333415,0.06618889661258212,0.86,0.0,0.46,184.31205640862663
659579441,noise_aware,strong,0.023080690378560424,0.05781904803178998,0.9225,0.0,0.48,182.85592756329228
659579441,sharpness_aware,strong,0.027068821695180326,0.06191052959099067,0.8825,0.0,0.44,184.93555496418753
1831990360,mse,strong,0.02989747444876703,0.06952787216779664,0.8475,0.0,0.445,185.57919816471298
1831990360,noise_aware,strong,0.02983519915757591,0.07351305932130826,0.835,0.0,0.4675,182.4236212023369
1831990360,sharpness_aware,strong,0.027339945528315174,0.06656990997385062,0.8625,0.0,0.49,183.6595562443075
575250115,mse,strong,0.025272433048927113,0.06128149317363779,0.8975,0.0,0.475,181.64313615942888
575250115,noise_aware,strong,0.02360160359913241,0.059473953250368645,0.9125,0.0,0.4825,178.12911458083695
575250115,sharpness_aware,strong,0.031860113654324326,0.0822362425674463,0.815,0.0,0.4625,185.0675504801268
3743157485,mse,strong,0.028235133995051304,0.07499201684981958,0.855,0.0,0.465,186.39045594434322
3743157485,noise_aware,strong,0.028278345625149654,0.07292490816259203,0.8725,0.0,0.48,181.8408828240402
3743157485,sharpness_aware,strong,0.03177759516643249,0.08633837621099351,0.845,0.0,0.4475,187.45581488477205
1796461005,mse,strong,0.03183719681301142,0.08163792527974861,0.815,0.0,0.4475,191.0495766725727
1796461005,noise_aware,strong,0.030336229602893335,0.07813718903260966,0.825,0.0,0.4525,188.82526756562044
1796461005,sharpness_aware,strong,0.03785051926893743,0.09182578395021064,0.76,0.0025,0.465,197.34667465672055
4057262831,mse,strong,0.031430977632349394,0.07521420763734947,0.81,0.0,0.465,189.1112377949933
4057262831,noise_aware,strong,0.03188687915283345,0.07434625412960372,0.815,0.0,0.445,185.72351022869321
4057262831,sharpness_aware,strong,0.032349562995457465,0.08419999304811053,0.8125,0.0,0.4425,186.2480454107617
3530410642,mse,strong,0.023087611427757705,0.05652205665657252,0.925,0.0,0.4725,185.74852193703163
3530410642,noise_aware,strong,0.024856385459067473,0.061350582309810206,0.8925,0.0,0.4725,181.6840160375272
3530410642,sharpness_aware,strong,0.025356259855636137,0.06114427538971232,0.8775,0.0,0.4525,189.00653500704317
668701307,mse,strong,0.029079834057739076,0.06665760494851573,0.8525,0.0,0.505,192.02806077356053
668701307,noise_aware,strong,0.031247223327553152,0.0690817930199677,0.8175,0.0,0.4775,188.87640858442353
668701307,sharpness_aware,strong,0.03668094508689524,0.08496535060125072,0.7475,0.0,0.48,194.8245589602756
2440047106,mse,strong,0.025639151348271893,0.0671538789485021,0.8875,0.0,0.4675,194.14445375837863
2440047106,noise_aware,strong,0.027215099107384396,0.07084313239983604,0.8725,0.0,0.465,192.13851538421542
2440047106,sharpness_aware,strong,0.031973623416821216,0.08023303765330814,0.805,0.0,0.4275,198.1649193282293
3736759803,mse,strong,0.03659526656549603,0.09209156920674141,0.7725,0.0075,0.435,189.75766955930766
3736759803,noise_aware,strong,0.03317112180741123,0.07937148315802213,0.8025,0.0025,0.44,192.8346842075739
3736759803,sharpness_aware,strong,0.030917706186175283,0.08204155829968411,0.83,0.0,0.4625,193.1547520421525
15234333,mse,strong,0.027188333388905958,0.06746165179813651,0.865,0.0,0.47,186.33858568052472
15234333,noise_aware,strong,0.027237431891336508,0.06604766364272942,0.8925,0.0,0.4575,182.16160680552315
15234333,sharpness_aware,strong,0.0281669561916057,0.06527953930107236,0.8625,0.0,0.475,188.41767376497086
667584176,mse,strong,0.02612922994853129,0.060175064719308044,0.895,0.0,0.48,189.39093520967782
667584176,noise_aware,strong,0.029290379714507823,0.06914338701497817,0.855,0.0,0.4625,186.49310808087031
667584176,sharpness_aware,strong,0.028727180844357447,0.06927756985812242,0.86,0.0,0.47,186.24401408659963
4066184225,mse,strong,0.03649139493023648,0.08964991420510747,0.7625,0.0,0.4575,190.52424634003734
4066184225,noise_aware,strong,0.032511477490685135,0.0809256963117545,0.81,0.0,0.4625,187.7258529177152
4066184225,sharpness_aware,strong,0.030402606629798122,0.07932012582261096,0.845,0.0,0.4825,190.41910171199018
1886451804,mse,strong,0.029672070999973058,0.0709304749871829,0.85,0.0,0.4425,191.5701523887796
1886451804,noise_aware,strong,0.029328242252021255,0.07055435285997132,0.85,0.0,0.4375,193.93747774314164
1886451804,sharpness_aware,strong,0.029837766505019174,0.07782615998975831,0.8375,0.0,0.45,194.11207967804415
2272934004,mse,strong,0.022119058129336677,0.05482987922972625,0.935,0.0,0.455,194.26019838694805
2272934004,noise_aware,strong,0.019794128653312898,0.047390995382123935,0.9525,0.0,0.505,188.76479745123333
2272934004,sharpness_aware,strong,0.02398604279295001,0.05995709894944984,0.9125,0.0,0.455,193.71595956216362
938779823,mse,strong,0.03420769223537281,0.0855945546921506,0.7825,0.0,0.435,184.03374942757165
938779823,noise_aware,strong,0.03555628611324197,0.08902148060616095,0.765,0.0,0.4475,184.64268405185882
938779823,sharpness_aware,strong,0.03779210409949149,0.0963517806079015,0.75,0.005,0.4575,187.64997018162222
2703660895,mse,strong,0.035606064422530045,0.09289880223740457,0.7675,0.0,0.4775,188.84154937791374
2703660895,noise_aware,strong,0.0328292721979333,0.07933725588927931,0.7925,0.0,0.4775,186.45307353734307
2703660895,sharpness_aware,strong,0.0375113552207223,0.09759985031862106,0.7375,0.0,0.4475,193.10139810947587
2525182596,mse,strong,0.03390852108676801,0.07993436651752844,0.8,0.0,0.4475,182.74751228755886
2525182596,noise_aware,strong,0.03626569594172012,0.0854419627089702,0.7575,0.0025,0.45,186.3291949092092
2525182596,sharpness_aware,strong,0.03203970248470463,0.07623044478832358,0.81,0.0,0.4425,183.59073250823855
4018511418,mse,strong,0.03457076923584959,0.07797634639042714,0.79,0.0,0.46,192.61794922922553
4018511418,noise_aware,strong,0.030257825075023906,0.07376707239740272,0.835,0.0,0.485,190.28234233267426
4018511418,sharpness_aware,strong,0.028476529526092607,0.07416845716392002,0.8575,0.0,0.515,189.55239951426722
1772851305,mse,strong,0.0309887199729544,0.08173207859112072,0.8325,0.0,0.455,187.21423767744568
1772851305,noise_aware,strong,0.02788669066824447,0.0666199576386949,0.87,0.0,0.465,189.8753350305792
1772851305,sharpness_aware,strong,0.030841528498211455,0.0792828516547832,0.835,0.0,0.4575,194.10472248745796
2235246993,mse,strong,0.049560170938666596,0.11246731506043355,0.58,0.0025,0.4375,191.41563646607736
2235246993,noise_aware,strong,0.039995260718609364,0.10049504057254825,0.685,0.0,0.48,188.83507382165172
2235246993,sharpness_aware,strong,0.04573280013201295,0.1082913284282227,0.645,0.005,0.4575,190.6021201848903
2430720536,mse,strong,0.030115707107827072,0.07269056112672355,0.84,0.0,0.4625,192.44243085859847
2430720536,noise_aware,strong,0.028642796321145417,0.06989657633575459,0.85,0.0,0.48,191.53359543442906
2430720536,sharpness_aware,strong,0.02911864651130967,0.07193930200328243,0.8475,0.0,0.4725,194.98330476946887
628175963,mse,strong,0.02631627673295754,0.05988971040746517,0.8925,0.0,0.48,192.96934968747033
628175963,noise_aware,strong,0.026293864043501713,0.06383717071977983,0.8875,0.0,0.4675,187.93721243527293
628175963,sharpness_aware,strong,0.028543433444573642,0.07379213524873018,0.8575,0.0,0.455,191.19652342502286
299474548,mse,strong,0.026440368883211215,0.0638048863513986,0.89,0.0,0.4575,190.57910455204066
299474548,noise_aware,strong,0.033190553295183035,0.08044657314423316,0.8025,0.0,0.4325,194.90474834356684
299474548,sharpness_aware,strong,0.032866760817395806,0.07969380742183395,0.7975,0.0,0.455,195.13802230863718
1273168757,mse,strong,0.023106508390295915,0.05858649587517035,0.9075,0.0,0.4525,184.10492012418604
1273168757,noise_aware,strong,0.024256021762860742,0.06108027515668673,0.905,0.0,0.495,183.32146270977108
1273168757,sharpness_aware,strong,0.028400277826877058,0.06883165173136328,0.8825,0.0,0.495,182.65297494259977
273733572,mse,strong,0.03230211076199642,0.07318351431633499,0.7825,0.0,0.45,192.82815623694214
273733572,noise_aware,strong,0.02860755993757386,0.06819306393090455,0.8475,0.0,0.4425,193.27122582018833
273733572,sharpness_aware,strong,0.03158214089056754,0.0847575296704929,0.8125,0.0,0.45,195.06634993788123
3144435095,mse,strong,0.03053652553863359,0.06820366340208903,0.835,0.0,0.485,188.86163412548765
3144435095,noise_aware,strong,0.031209996300632953,0.07593368350335775,0.855,0.0,0.4825,192.76517189385936
3144435095,sharpness_aware,strong,0.03246076464929401,0.08249904841187969,0.82,0.0,0.475,194.81973573581595
2633701326,mse,strong,0.03525162287205519,0.08904155148176704,0.7725,0.0,0.4725,193.8033537940749
2633701326,noise_aware,strong,0.034019254564728436,0.0807451373567272,0.78,0.0025,0.4575,193.88152647151014
2633701326,sharpness_aware,strong,0.03716389609678077,0.08813585249169392,0.7525,0.0025,0.46,200.07280961430055
4211238376,mse,strong,0.029138185916412433,0.07171719309828062,0.8525,0.0,0.43,200.2286084324798
4211238376,noise_aware,strong,0.033710048449314106,0.07854133106527189,0.8,0.0,0.445,196.59763722989788
4211238376,sharpness_aware,strong,0.03283604647596878,0.07305197024746735,0.7925,0.0,0.4475,198.72001545572454
1111838367,mse,strong,0.023487350202845567,0.053564122827536836,0.9225,0.0,0.465,193.0919133689712
1111838367,noise_aware,strong,0.02499372521099217,0.061622251096285774,0.8925,0.0,0.445,191.49670268291084
1111838367,sharpness_aware,strong,0.027781990105038887,0.06888158029964059,0.88,0.0,0.4625,195.88240709511297
3524972486,mse,strong,0.027359422422049987,0.06596726358293993,0.8825,0.0,0.4775,197.5362316267599
3524972486,noise_aware,strong,0.03144225717030079,0.07748993086571758,0.83,0.0,0.435,200.47897128056547
3524972486,sharpness_aware,strong,0.025307093203085645,0.06198056519790691,0.905,0.0,0.4575,196.04604641149982
3560542704,mse,strong,0.025604882772059526,0.06337043673491162,0.89,0.0,0.5175,189.78427195544202
3560542704,noise_aware,strong,0.03160253676579818,0.07869139875013953,0.805,0.0,0.48,189.448685427117
3560542704,sharpness_aware,strong,0.025975924401339515,0.06394265741257464,0.8875,0.0,0.4475,189.9555587843603
3731969181,mse,strong,0.02953565825830938,0.07862720816649924,0.845,0.0,0.49,191.81548228037556
3731969181,noise_aware,strong,0.026659153823580705,0.06851256284001546,0.8725,0.0,0.505,189.74429954429525
3731969181,sharpness_aware,strong,0.02697335964064837,0.06809615192885296,0.8725,0.0,0.4875,191.02948141017004
1211268588,mse,strong,0.026087610226633706,0.0657379871198433,0.8875,0.0,0.455,178.1581197013025
1211268588,noise_aware,strong,0.02945899409580797,0.0729216500069151,0.835,0.0,0.45,179.54142120573425
1211268588,sharpness_aware,strong,0.029812927141156374,0.07070995517869735,0.845,0.0,0.44,180.07074173153603
592709181,mse,strong,0.03545400295738491,0.08541944525812782,0.785,0.0025,0.4575,192.25773286386578
592709181,noise_aware,strong,0.030569224956861474,0.07701849908892952,0.82,0.0,0.4775,187.46759057704168
592709181,sharpness_aware,strong,0.03760006812935306,0.09634465556569007,0.75,0.005,0.435,188.89880878408803
1007944539,mse,strong,0.028442977763170445,0.06993185216303889,0.85,0.0,0.445,196.46558525727335
1007944539,noise_aware,strong,0.026116798709896943,0.07124385432691152,0.88,0.0,0.445,190.0002854659887
1007944539,sharpness_aware,strong,0.03279862634798561,0.0779607168591281,0.815,0.0,0.42,196.98258203641797
2619667409,mse,strong,0.032306674535614296,0.07394061913977185,0.795,0.0,0.46,189.556823772421
2619667409,noise_aware,strong,0.031373410518417424,0.07230902865997854,0.8125,0.0,0.455,186.54170786533138
2619667409,sharpness_aware,strong,0.031639813088874286,0.0779350527509507,0.8125,0.0,0.4625,187.11711442498336
1380973866,mse,strong,0.03073813414072299,0.07483064788308856,0.805,0.0,0.4775,189.2286280595883
1380973866,noise_aware,strong,0.029221868650333917,0.0725081779842224,0.8475,0.0,0.46,189.2189164998479
1380973866,sharpness_aware,strong,0.03190878441902443,0.07961763278847175,0.8125,0.0,0.47,194.1325041038622
2991984838,mse,strong,0.03148872136670967,0.07874996432511439,0.805,0.0,0.4675,188.05893728585698
2991984838,noise_aware,strong,0.030208467299738393,0.08179867082853401,0.8275,0.0,0.48,189.85994232343864
2991984838,sharpness_aware,strong,0.03074283059510992,0.07855249775366131,0.8275,0.0,0.4675,189.98742626429885
3888342105,mse,strong,0.025995721243450082,0.06488301034746508,0.8775,0.0,0.4825,192.1301624559199
3888342105,noise_aware,strong,0.02747524489559466,0.06850961023613812,0.8675,0.0,0.4575,184.89023852983553
3888342105,sharpness_aware,strong,0.02954826874116656,0.07281597215123774,0.84,0.0,0.47,191.94730396990013
961152600,mse,strong,0.029865055837935892,0.07827538025226288,0.845,0.0,0.445,188.7758179617921
961152600,noise_aware,strong,0.030771806142214836,0.07701934523293635,0.8225,0.0,0.4525,184.2142731627239
961152600,sharpness_aware,strong,0.03877690629960724,0.09421338111532856,0.7125,0.0,0.43,192.73200237557137
1122170712,mse,strong,0.034694914787986766,0.08717454076815456,0.7625,0.0,0.44,187.43328342834712
1122170712,noise_aware,strong,0.03136161763369198,0.07848617750031595,0.815,0.0,0.465,186.22373538585327
1122170712,sharpness_aware,strong,0.02928559238331805,0.07583823923133239,0.84,0.0,0.465,188.6404313374377
869103479,mse,strong,0.02280251514358744,0.05276441188523521,0.9375,0.0,0.4425,194.61456845502963
869103479,noise_aware,strong,0.024124730680015184,0.056882685018364965,0.915,0.0,0.4525,194.54138248421827
869103479,sharpness_aware,strong,0.022375343336610475,0.056246667583657865,0.935,0.0,0.45,195.59639873228753
3388555971,mse,strong,0.03177529251713796,0.07584267171039183,0.8025,0.0,0.4475,189.9482154862092
3388555971,noise_aware,strong,0.030371992377782958,0.0742593772394853,0.825,0.0,0.4275,190.01079629255815
3388555971,sharpness_aware,strong,0.029316402141242124,0.06970918703130173,0.8325,0.0,0.46,191.94146986352274
665427334,mse,strong,0.025216255512758048,0.0631891766994144,0.895,0.0,0.495,192.76733110140185
665427334,noise_aware,strong,0.026699466688251728,0.06855172607949148,0.8825,0.0,0.4675,191.0772799749653
665427334,sharpness_aware,strong,0.032660268354152346,0.08048427705551561,0.815,0.0,0.4575,192.54371194994167
3359940053,mse,strong,0.027787612688640256,0.06473401216617558,0.8575,0.0,0.465,195.77056534919194
3359940053,noise_aware,strong,0.02746341124226477,0.0648513378477629,0.87,0.0,0.4625,195.20422543625253
3359940053,sharpness_aware,strong,0.02867627257447329,0.07169674806429432,0.865,0.0,0.4475,196.5014522314909
3768241039,mse,strong,0.025354716114035714,0.06063642546922824,0.9025,0.0,0.4575,180.310447388395
3768241039,noise_aware,strong,0.03132713546579278,0.07347210910760399,0.8275,0.0,0.4525,182.96832520325563
3768241039,sharpness_aware,strong,0.02559091919409519,0.06274190524413883,0.895,0.0,0.48,182.50653531441264
615465185,mse,strong,0.023289703877118463,0.05400207136136221,0.935,0.0,0.465,188.85405204628628
615465185,noise_aware,strong,0.02718261737741536,0.0668765581135628,0.86,0.0,0.475,191.83036068979334
615465185,sharpness_aware,strong,0.024742186005756627,0.06255021486488149,0.9,0.0,0.48,193.4262279113547
4062591317,mse,strong,0.03484428377042151,0.08131159468695448,0.7875,0.0,0.4475,192.63347080014069
4062591317,noise_aware,strong,0.02972798933613916,0.07242162018414118,0.8475,0.0,0.485,188.45894381690505
4062591317,sharpness_aware,strong,0.03813588372311144,0.08865321394726004,0.7475,0.0,0.435,193.12345774660207
2237893018,mse,strong,0.034251973980875025,0.08981806673102781,0.795,0.0,0.4375,178.5791322850263
2237893018,noise_aware,strong,0.0345655157807685,0.08390293472215134,0.7475,0.0,0.4525,179.70012352815684
2237893018,sharpness_aware,strong,0.031104479359895913,0.08509570135729329,0.8375,0.0025,0.4575,180.96135971687167
3266084952,mse,strong,0.03636187448757076,0.0898682443254739,0.7775,0.0,0.475,188.68400442033553
3266084952,noise_aware,strong,0.030903881818358722,0.07592682036718053,0.85,0.0,0.48,188.84740970322838
3266084952,sharpness_aware,strong,0.04042031983038965,0.09671343521259465,0.6975,0.0,0.47,192.29524941161793
1411004866,mse,strong,0.02642862964384178,0.06224163007773185,0.885,0.0,0.4275,191.5410122575974
1411004866,noise_aware,strong,0.026706517697658576,0.06169391930637108,0.88,0.0,0.445,194.46426879133168
1411004866,sharpness_aware,strong,0.0292480595576568,0.07285992528138854,0.855,0.0,0.4375,191.5470612190232
720401177,mse,strong,0.022622200833573792,0.06141871095246703,0.9175,0.0,0.4575,186.40390771830704
720401177,noise_aware,strong,0.0248453291707653,0.06390271305320144,0.89,0.0,0.475,186.2520965028471
720401177,sharpness_aware,strong,0.02193986224696876,0.057262521119678736,0.92,0.0,0.48,187.33791802485632
842612503,mse,strong,0.02685722840430311,0.06268003862569406,0.875,0.0,0.48,183.84402751848813
842612503,noise_aware,strong,0.029789653668887767,0.07038194394671787,0.8425,0.0,0.445,182.51666587308722
842612503,sharpness_aware,strong,0.03165621042883235,0.0777559137742949,0.805,0.0,0.4625,186.4702725512589
333431731,mse,strong,0.03347146166282403,0.08353374213157337,0.8125,0.0,0.485,185.21422530416137
333431731,noise_aware,strong,0.0342030213649018,0.08317744708904529,0.79,0.0,0.4725,185.82177045795433
333431731,sharpness_aware,strong,0.03593826864385516,0.09354202526555234,0.7825,0.0075,0.475,188.9233647690394
1545097157,mse,strong,0.030050173836091102,0.07413671741118891,0.83,0.0,0.4375,191.49286277434237
1545097157,noise_aware,strong,0.03447454800927097,0.08932155466770417,0.78,0.0025,0.435,193.31217805376315
1545097157,sharpness_aware,strong,0.02723265534925533,0.06539382771650898,0.8725,0.0,0.4575,189.38379900189747
1736380347,mse,strong,0.040404749681828764,0.09610477929413692,0.7175,0.0,0.42,195.16002221068908
1736380347,noise_aware,strong,0.03767603963344339,0.08525405837064261,0.7525,0.0,0.425,189.99191834008482
1736380347,sharpness_aware,strong,0.033980043603753736,0.08225919194004845,0.7875,0.0,0.4625,196.83177033845948
1586847244,mse,strong,0.02627994828339583,0.06800372703810974,0.885,0.0,0.4625,194.37912736133768
1586847244,noise_aware,strong,0.02539487389758567,0.06342712392766234,0.9025,0.0,0.45,192.08208902385024
1586847244,sharpness_aware,strong,0.03047166334146681,0.08130208083778485,0.855,0.0,0.465,194.12699131500347
1355937599,mse,strong,0.026004883720342778,0.06243539095845002,0.8975,0.0,0.4625,184.52591297790303
1355937599,noise_aware,strong,0.026531803633107497,0.06538944680736943,0.885,0.0,0.4625,182.74401512501947
1355937599,sharpness_aware,strong,0.03205381381840343,0.07858553434812185,0.825,0.0,0.4475,191.2238694135033
4003953246,mse,strong,0.021424351807652772,0.049981389807821144,0.95,0.0,0.47,190.8038398705794
4003953246,noise_aware,strong,0.025316262705242787,0.061220689525408836,0.8925,0.0,0.47,189.59111021502363
4003953246,sharpness_aware,strong,0.0322139074322384,0.0790657912478065,0.8025,0.0,0.4425,191.8525856777423
2574173112,mse,strong,0.02480793743154396,0.05875561278082992,0.91,0.0,0.4525,183.63353643823555
2574173112,noise_aware,strong,0.022760649601114614,0.05665117012709217,0.9275,0.0,0.46,184.0728131868256
2574173112,sharpness_aware,strong,0.03076699611656859,0.07553322643384934,0.835,0.0,0.4175,189.39319719547825
663250219,mse,strong,0.04037389801484484,0.0943068733136738,0.7175,0.005,0.4575,180.00587591851323
663250219,noise_aware,strong,0.03860177406335025,0.09956201844977905,0.74,0.0,0.4475,180.57903129117597
663250219,sharpness_aware,strong,0.04516680889351976,0.11960828728243562,0.665,0.0,0.44,182.42192047008947
1981101797,mse,strong,0.03682427542111785,0.08918580238356272,0.7475,0.0025,0.4525,192.3347062292348
1981101797,noise_aware,strong,0.031265512263972964,0.07512920675246883,0.8225,0.0,0.455,192.90864156511452
1981101797,sharpness_aware,strong,0.03613186651159092,0.08609999871004681,0.7575,0.0025,0.4525,194.67656446248327
1848209715,mse,strong,0.031542122074517745,0.08199294607052285,0.815,0.0,0.4875,190.57401006347953
1848209715,noise_aware,strong,0.027338404877920264,0.06993525641276994,0.86,0.0,0.46,188.35178351666724
1848209715,sharpness_aware,strong,0.026190829482128208,0.07097949329369319,0.88,0.0,0.48,188.55541039278165
4012012906,mse,strong,0.027639626865493875,0.06778470381889741,0.8525,0.0,0.475,189.80760657474107
4012012906,noise_aware,strong,0.029917410619790648,0.0721763190752818,0.84,0.0,0.49,187.38430587928167
4012012906,sharpness_aware,strong,0.025248423353602854,0.06813514032895152,0.89,0.0,0.5025,185.5118222601527
2066889296,mse,strong,0.02207622562044917,0.05470252358232893,0.9225,0.0,0.47,178.58916135628584
2066889296,noise_aware,strong,0.022747266175080973,0.05788604340145441,0.915,0.0,0.5125,178.17708252065444
2066889296,sharpness_aware,strong,0.023722840117435612,0.057358964237112404,0.9225,0.0,0.5175,178.45269019838673
2839013476,mse,strong,0.03948799715221478,0.09369077133517119,0.7125,0.0025,0.45,194.2683900771802
2839013476,noise_aware,strong,0.03534901919552981,0.08235370253915912,0.8075,0.0,0.455,189.43583650974185
2839013476,sharpness_aware,strong,0.036718005254336133,0.08836346749426555,0.7625,0.0025,0.47,195.21690182752377
4045268861,mse,strong,0.04611684079370775,0.10610432883769984,0.645,0.0,0.435,190.57666801388515
4045268861,noise_aware,strong,0.033971217835303935,0.07752815358594342,0.785,0.0,0.4225,186.93112562233426
4045268861,sharpness_aware,strong,0.03268297973338058,0.07863989112961932,0.81,0.0,0.465,190.03217152973272
4008157811,mse,strong,0.031521020799944344,0.07260706214299478,0.7975,0.0,0.4675,190.459378920724
4008157811,noise_aware,strong,0.027624566940002582,0.06262651916761143,0.885,0.0,0.5125,187.4890328755884
4008157811,sharpness_aware,strong,0.027755003976961224,0.06821139517754063,0.865,0.0,0.465,188.99067550899514
2637445221,mse,strong,0.03704558616610346,0.0918940877042715,0.765,0.0025,0.4175,189.69926303592715
2637445221,noise_aware,strong,0.03730747643055746,0.09090567638976874,0.7675,0.0,0.4475,187.54637051863648
2637445221,sharpness_aware,strong,0.03900539974311843,0.0922043041510483,0.7225,0.0025,0.435,192.4585254743844
1688535857,mse,strong,0.025154260473555564,0.06074584270590429,0.905,0.0,0.4975,190.52446029478676
1688535857,noise_aware,strong,0.022147521278326865,0.054048126194043956,0.93,0.0,0.51,189.48512973495474
1688535857,sharpness_aware,strong,0.023767877094383973,0.0604376937192942,0.905,0.0,0.495,189.14815657227206
839215811,mse,strong,0.02577360266953202,0.0642120198406733,0.875,0.0,0.4725,186.22095364557987
839215811,noise_aware,strong,0.026043667483212338,0.06715295872199797,0.885,0.0,0.4675,187.61483815315367
839215811,sharpness_aware,strong,0.027712399798101833,0.06895727172834226,0.8625,0.0,0.4625,190.77879995474635
1500849119,mse,strong,0.03676316047721647,0.08716404943065112,0.7475,0.0,0.4475,193.93051207774647
1500849119,noise_aware,strong,0.031528657787301254,0.07387523079893486,0.8175,0.0,0.4525,192.16900389826907
1500849119,sharpness_aware,strong,0.036917605747112496,0.0866558766914123,0.7375,0.0,0.4475,192.82755243756733
3668171989,mse,strong,0.02308835310766324,0.055687649268396956,0.925,0.0,0.475,194.79749109020747
3668171989,noise_aware,strong,0.023579795063793006,0.059484963787876224,0.9175,0.0,0.45,194.96597978788807
3668171989,sharpness_aware,strong,0.03177647118109159,0.07125738368849613,0.825,0.0,0.4475,202.9961653108707
1828316838,mse,strong,0.0340691951259273,0.08565911745083575,0.7925,0.0025,0.47,190.19360571281587
1828316838,noise_aware,strong,0.03519630670845127,0.08087582259074805,0.78,0.0025,0.4525,190.47642387615946
1828316838,sharpness_aware,strong,0.033202626809087914,0.08552814647273632,0.7875,0.0025,0.48,192.55278763208509
677763140,mse,strong,0.027665960546940312,0.06881398713275233,0.8625,0.0,0.4475,187.5350120741432
677763140,noise_aware,strong,0.027131508865625997,0.058312324102454766,0.8775,0.0,0.4425,186.98347216278614
677763140,sharpness_aware,strong,0.0262417358059192,0.06357245149921184,0.88,0.0,0.44,187.61029525632972
1119181405,mse,strong,0.02367001114847579,0.059197939622229766,0.92,0.0,0.48,190.27582783889872
1119181405,noise_aware,strong,0.026930511884588938,0.06534486607766828,0.8825,0.0,0.4825,191.03458629218306
1119181405,sharpness_aware,strong,0.026171986842940576,0.06631076333400007,0.89,0.0,0.4725,194.11886392454443
2169860784,mse,strong,0.0394323463951783,0.08811988267187218,0.7275,0.0025,0.455,192.0534037463025
2169860784,noise_aware,strong,0.035187469048014564,0.08038514430972815,0.7775,0.0,0.4525,194.51332202123234
2169860784,sharpness_aware,strong,0.03368029638508454,0.08213918690899409,0.805,0.0,0.455,196.28585982275027
3112238724,mse,strong,0.0302699798742532,0.0702881292433808,0.82,0.0,0.4625,190.8866445858084
3112238724,noise_aware,strong,0.03192535915268411,0.07239201762216119,0.815,0.0,0.4875,192.3022086046972
3112238724,sharpness_aware,strong,0.0350022838202705,0.08951385209181122,0.78,0.0,0.485,191.35149936190726
4293715631,mse,strong,0.03996108778325638,0.09922048965867682,0.6975,0.0025,0.4475,184.13617822562495
4293715631,noise_aware,strong,0.029586629694832212,0.07858780306504898,0.85,0.0,0.465,180.52450376856422
4293715631,sharpness_aware,strong,0.0334413714304237,0.08740275894835833,0.81,0.0,0.4525,186.8337376905975
3909568483,mse,strong,0.04118190563281683,0.09497521282199081,0.6825,0.0,0.445,190.1472710440815
3909568483,noise_aware,strong,0.040493715829920625,0.08597443525653664,0.6875,0.0,0.445,193.06889552754944
3909568483,sharpness_aware,strong,0.03401125262503443,0.08431625675779622,0.785,0.0,0.465,188.55327453691797
1398012131,mse,strong,0.043263360217329655,0.1071863793939399,0.665,0.0025,0.4475,189.69659971489
1398012131,noise_aware,strong,0.037811478203453756,0.08506291027963593,0.7425,0.0,0.445,192.03365901486376
1398012131,sharpness_aware,strong,0.047027292384518325,0.10542492799983291,0.615,0.005,0.4425,193.82531237374633
1876994406,mse,strong,0.02694760513001724,0.06442467638491267,0.865,0.0,0.4875,189.26948520116977
1876994406,noise_aware,strong,0.03409983043948497,0.08360709041384493,0.7925,0.0,0.4525,188.88132177558637
1876994406,sharpness_aware,strong,0.02885481365421476,0.07171320696113563,0.8525,0.0,0.4375,193.49044154739394
2615751316,mse,strong,0.03703494359721202,0.08469121748795669,0.7525,0.0,0.41,197.39164826349537
2615751316,noise_aware,strong,0.04085435739797621,0.09370555048811528,0.71,0.0,0.4375,197.31366462849002
2615751316,sharpness_aware,strong,0.03557005348845818,0.08423981881103049,0.7725,0.0,0.43,199.5107104438925
324655747,mse,strong,0.01938452008014433,0.05079481866005558,0.9475,0.0,0.485,181.55713473362374
324655747,noise_aware,strong,0.022520833018916737,0.062098817368479435,0.91,0.0,0.51,182.14670862358014
324655747,sharpness_aware,strong,0.023075526323061507,0.06132118073478682,0.8975,0.0,0.495,184.4555593111735
1231104955,mse,strong,0.030486879774186584,0.07124185145774971,0.8325,0.0,0.485,188.92510253086112
1231104955,noise_aware,strong,0.03113651650081386,0.07572833020129112,0.815,0.0,0.455,187.74288433144665
1231104955,sharpness_aware,strong,0.02501315826656303,0.06517658376425378,0.8925,0.0,0.4875,189.38602529306144
744356947,mse,strong,0.03087144286333194,0.07378496242022958,0.825,0.0,0.445,195.94631525702584
744356947,noise_aware,strong,0.028908322767651793,0.06880366036568938,0.8575,0.0,0.4175,192.5974969006252
744356947,sharpness_aware,strong,0.039618790672408505,0.09564383991954102,0.7225,0.0,0.4475,198.9122123969031
3519479534,mse,strong,0.027962420397801918,0.06518913561914022,0.87,0.0,0.455,196.29443290667209
3519479534,noise_aware,strong,0.03035831383014419,0.07262654311067254,0.835,0.0,0.47,196.10106676704623
3519479534,sharpness_aware,strong,0.027092906069148624,0.0665313816431644,0.865,0.0,0.45,197.23819285815648
4195001948,mse,strong,0.04018351190558578,0.09581820327318082,0.7225,0.0025,0.425,199.30745702218923
4195001948,noise_aware,strong,0.02938479114890761,0.07365630470438951,0.8675,0.0,0.4575,197.77423123798263
4195001948,sharpness_aware,strong,0.03441113683879783,0.08115745708449627,0.79,0.0,0.4725,198.31855157052485
3252170343,mse,strong,0.025600087752771356,0.06314159770402446,0.895,0.0,0.4675,183.7791586475608
3252170343,noise_aware,strong,0.029111187840581483,0.07079019776756389,0.8425,0.0025,0.4625,189.96673691809406
3252170343,sharpness_aware,strong,0.029000536549261154,0.07169471262161742,0.85,0.0,0.48,190.1920200935076
4243111108,mse,strong,0.02534553520429366,0.06302498466680671,0.89,0.0,0.51,189.61373990793152
4243111108,noise_aware,strong,0.027936441041538362,0.06862661606698213,0.8775,0.0,0.4875,187.56677058214694
4243111108,sharpness_aware,strong,0.029680606330521723,0.06686136301640828,0.8625,0.0,0.45,191.92099780731962
2445008977,mse,strong,0.024034573618409515,0.05749961305455403,0.9225,0.0,0.4675,189.66909100649622
2445008977,noise_aware,strong,0.024951287676342505,0.060223864029751766,0.8925,0.0,0.485,190.732511508882
2445008977,sharpness_aware,strong,0.027254111263123784,0.06553590684041798,0.885,0.0,0.4725,192.25431827049943
903398518,mse,strong,0.03285639241322576,0.07858794081784477,0.7875,0.0,0.465,191.07814934863762
903398518,noise_aware,strong,0.030745143077786388,0.07431573395099615,0.825,0.0,0.445,190.5678676931121
903398518,sharpness_aware,strong,0.028140943336974235,0.07595474749899307,0.85,0.0,0.4425,189.38116318757722
2014023660,mse,strong,0.031814413103427336,0.07607038094528193,0.7925,0.0,0.47,192.1942016376375
2014023660,noise_aware,strong,0.032426919211086334,0.07548877218773184,0.8075,0.0,0.4525,187.17051197593824
2014023660,sharpness_aware,strong,0.033467209233558705,0.07987813226209575,0.795,0.0,0.45,189.5760523017175
1691291392,mse,strong,0.041439131956093965,0.098704927777656,0.67,0.0,0.44,198.1129132414255
1691291392,noise_aware,strong,0.031195253387844044,0.07596717833669041,0.835,0.0,0.455,198.51757976969236
1691291392,sharpness_aware,strong,0.03414310457296192,0.079289465326189,0.795,0.0,0.4625,200.51200075981038
3053498093,mse,strong,0.02461013243607754,0.05887297278779618,0.905,0.0,0.465,188.59788900531862
3053498093,noise_aware,strong,0.024606793754816197,0.05686053311824916,0.9125,0.0,0.45,186.84090710929547
3053498093,sharpness_aware,strong,0.02871585432836313,0.07081919231446766,0.845,0.0,0.4775,190.9150056384726
945374663,mse,strong,0.022746885571968543,0.05808671572562949,0.915,0.0,0.445,188.22271175045967
945374663,noise_aware,strong,0.024532915045133476,0.06332781547280354,0.9,0.0,0.485,184.92426995026915
945374663,sharpness_aware,strong,0.029400116135952344,0.07492111593100574,0.8425,0.0,0.475,188.96443637367
56575796,mse,strong,0.020924336087610053,0.04949080902939415,0.95,0.0,0.465,181.51935692679484
56575796,noise_aware,strong,0.025214395633662935,0.058896876001231224,0.8875,0.0,0.44,180.75772748240982
56575796,sharpness_aware,strong,0.02911149670683568,0.06789912760792619,0.855,0.0,0.4525,190.9399524942324
761055821,mse,strong,0.027086387691471404,0.061719680396055084,0.8725,0.0,0.4975,189.82429951310021
761055821,noise_aware,strong,0.02854796963275017,0.07346119258150714,0.87,0.0,0.4575,188.8147624251708
761055821,sharpness_aware,strong,0.035572150555669424,0.08715959410051305,0.7725,0.0,0.4275,194.78382892306388
2053712420,mse,strong,0.021769486334040487,0.05253046036514936,0.935,0.0,0.465,187.85469639688537
2053712420,noise_aware,strong,0.026632213751694972,0.06824061191087177,0.89,0.0,0.47,188.77559103982495
2053712420,sharpness_aware,strong,0.027291207206271872,0.06734304475768214,0.885,0.0,0.4575,193.95022517935476
3330615544,mse,strong,0.031321099005256904,0.07276708926203924,0.8025,0.0,0.46,189.3883442833263
3330615544,noise_aware,strong,0.028810626157841964,0.06989259405044856,0.84,0.0,0.465,187.08620696397344
3330615544,sharpness_aware,strong,0.02834933858222606,0.06921377834284044,0.8525,0.0,0.45,189.1244868434387
1988057494,mse,strong,0.02820539363305514,0.07073615400496043,0.8575,0.0,0.455,192.96291947493984
1988057494,noise_aware,strong,0.03005016559284297,0.07710439514756276,0.8225,0.0,0.4975,193.82564311832482
1988057494,sharpness_aware,strong,0.029811662909894964,0.07137863670721274,0.845,0.0,0.475,195.16148229777644
3738784048,mse,strong,0.03226487950886696,0.0815157814104818,0.815,0.0,0.46,186.1449573544132
3738784048,noise_aware,strong,0.03237290871505577,0.07794768408380898,0.8125,0.0,0.46,184.2790009867138
3738784048,sharpness_aware,strong,0.030075581233818115,0.07480063341711318,0.8275,0.0,0.445,183.10916987808804
2698257310,mse,strong,0.025875935917647606,0.05897060272162801,0.9,0.0,0.4525,188.68587419178732
2698257310,noise_aware,strong,0.026969994839744552,0.06698499172869508,0.875,0.0,0.4125,186.94815876080236
2698257310,sharpness_aware,strong,0.02601293992445612,0.06593556655935064,0.8825,0.0,0.465,192.95726885906942
3145110617,mse,strong,0.03852444482648645,0.09441726260560876,0.74,0.0,0.48,182.8343039816687
3145110617,noise_aware,strong,0.03858112464809491,0.09198285423148016,0.7275,0.0025,0.4525,185.61269957404676
3145110617,sharpness_aware,strong,0.033923508075741876,0.08223219189366221,0.79,0.0,0.5,182.67121220931486
3839569303,mse,strong,0.03313123455056461,0.08440868700412246,0.82,0.0025,0.4525,178.59215785057012
3839569303,noise_aware,strong,0.029564286003640198,0.07814084236212306,0.8375,0.0,0.47,180.08663053515798
3839569303,sharpness_aware,strong,0.03332091646081003,0.08731370114113036,0.83,0.0025,0.485,182.5334190588356
1741795387,mse,strong,0.02723776531876151,0.065160131837822,0.8925,0.0,0.43,188.1041128576041
1741795387,noise_aware,strong,0.02711715737841482,0.06252101333945408,0.875,0.0,0.4475,186.76081775012068
1741795387,sharpness_aware,strong,0.02895928108718139,0.07009168049372784,0.8675,0.0,0.45,189.75573662483674
1008093370,mse,strong,0.03001457806026577,0.06729581904246537,0.8525,0.0,0.48,189.02155840374985
1008093370,noise_aware,strong,0.036904018987545875,0.08179922547333575,0.76,0.0,0.4425,186.21413263908397
1008093370,sharpness_aware,strong,0.03378166252572013,0.0817837211060119,0.785,0.0,0.4675,190.92567727085407
578984872,mse,strong,0.02683810074702764,0.06689267296107677,0.885,0.0,0.445,188.3191188589014
578984872,noise_aware,strong,0.02910512636448091,0.07015884005430262,0.8525,0.0,0.4575,187.1890827472288
578984872,sharpness_aware,strong,0.032640771943680674,0.0862549305159279,0.8225,0.0,0.4575,188.00666455929777
2934542094,mse,strong,0.04474690394707866,0.10549825596709443,0.665,0.0025,0.43,191.2836987081298
2934542094,noise_aware,strong,0.03994631336974697,0.10015829249897125,0.72,0.005,0.445,190.68714391198182
2934542094,sharpness_aware,strong,0.03988110513159982,0.10727420953446233,0.7125,0.0,0.4525,193.014091391268
3187112867,mse,strong,0.03890647403028609,0.08974083414258156,0.7025,0.0,0.425,181.63610144453787
3187112867,noise_aware,strong,0.0317687881819304,0.07710268592650861,0.8075,0.0,0.4775,185.83059835370636
3187112867,sharpness_aware,strong,0.03404456154872538,0.08159294210841375,0.785,0.0025,0.45,186.41803925277313
2389930833,mse,strong,0.036018011761874906,0.0835936899057836,0.755,0.0,0.4425,189.14301066286464
2389930833,noise_aware,strong,0.03546684876691686,0.08098190473643359,0.7625,0.0,0.4225,188.66285531386313
2389930833,sharpness_aware,strong,0.03974490716580448,0.09303684682260491,0.7375,0.0,0.435,194.83540745735337
1292274856,mse,strong,0.037397107264226584,0.08617558513137435,0.735,0.0,0.435,187.3969055765445
1292274856,noise_aware,strong,0.041382217461427624,0.09441654926631204,0.685,0.0,0.4275,181.72191897478172
1292274856,sharpness_aware,strong,0.03752388792550001,0.08924179510229449,0.76,0.0,0.44,188.514949918151
3203924750,mse,strong,0.03154590112736135,0.07113391504477569,0.8175,0.0,0.4625,190.44655958335977
3203924750,noise_aware,strong,0.0351126049645746,0.08107784050537248,0.755,0.0,0.44,190.21727115815412
3203924750,sharpness_aware,strong,0.03365961196092686,0.0763271921131972,0.78,0.0,0.4575,194.39011821527689
2727536461,mse,strong,0.025472120247486452,0.06504972077172716,0.88,0.0,0.455,196.61269153308245
2727536461,noise_aware,strong,0.025796312214778832,0.060364245176429306,0.88,0.0,0.4525,194.29937037703695
2727536461,sharpness_aware,strong,0.030631609512852896,0.07411150860522295,0.8225,0.0,0.44,198.27111020768746
3436844845,mse,strong,0.027393271643210558,0.06494214603184191,0.8675,0.0,0.48,188.47189853097504
3436844845,noise_aware,strong,0.02540842162090021,0.06697003414711594,0.9025,0.0,0.485,184.47954941224685
3436844845,sharpness_aware,strong,0.027416489013218776,0.06905126294410269,0.88,0.0,0.4475,191.40050071496063
