seed,experiment,method,condition,mean_regret,p95_regret,action_agreement,mean_gap,q1_regret,q1_agreement,q2_regret,q2_agreement,q3_regret,q3_agreement,q4_regret,q4_agreement
2825654166,E020,boundary_aware,moderate,0.0024494396428517947,0.010492865547919025,0.4318181818181818,0.003758469669167173,0.0022644201641778116,0.18181818181818182,0.0019364662888406022,0.41818181818181815,0.0028423144777443474,0.43636363636363634,0.002754557640644416,0.6909090909090909
2825654166,E020,boundary_aware,strong,0.004265963513437247,0.015146667374256118,0.32727272727272727,0.003758469669167173,0.00346354252257258,0.14545454545454545,0.003113474152489539,0.2909090909090909,0.004051333020593923,0.38181818181818183,0.0064355043580929475,0.4909090909090909
2825654166,E020,robust_control_aware,moderate,0.0010509891109028024,0.005525763986794204,0.6318181818181818,0.003758469669167173,0.0007977416445081897,0.41818181818181815,0.0013372573872726726,0.5272727272727272,0.0012334333402564811,0.6909090909090909,0.0008355240715738654,0.8909090909090909
2825654166,E020,robust_control_aware,strong,0.0020255262185588842,0.008674064792449487,0.5136363636363637,0.003758469669167173,0.0017335257255122502,0.3090909090909091,0.002426252968745443,0.41818181818181815,0.0020757456133883743,0.5272727272727272,0.001866580566589469,0.8
2825654166,E031,boundary_aware,moderate,0.004400915789766003,0.01509536998483591,0.3181818181818182,0.003758469669167173,0.0035255881943556727,0.2,0.0029384980899509762,0.3090909090909091,0.003954430791477262,0.34545454545454546,0.007185146083280098,0.41818181818181815
2825654166,E031,boundary_aware,strong,0.005306178594376274,0.016796293202787613,0.3090909090909091,0.003758469669167173,0.00413297636601432,0.2545454545454545,0.003810916032022451,0.32727272727272727,0.00421408832440488,0.32727272727272727,0.009066733655063445,0.32727272727272727
2825654166,E031,robust_control_aware,moderate,0.0038568360491769483,0.014425217638243637,0.40454545454545454,0.003758469669167173,0.002220198238644064,0.32727272727272727,0.002817626307016181,0.34545454545454546,0.004408694878458708,0.4,0.00598082477258884,0.5454545454545454
2825654166,E031,robust_control_aware,strong,0.0047555320454571795,0.015284418927366143,0.3409090909090909,0.003758469669167173,0.0035564179064552534,0.2909090909090909,0.0036367760059306106,0.2909090909090909,0.005055070407383177,0.32727272727272727,0.006773863862059676,0.45454545454545453
2861302546,E020,boundary_aware,moderate,0.0025888772335319154,0.012058858711083335,0.4954545454545455,0.0038817132635919835,0.0015483406345405037,0.3090909090909091,0.00245071056489875,0.45454545454545453,0.00277412490819543,0.5272727272727272,0.0035823328264929775,0.6909090909090909
2861302546,E020,boundary_aware,strong,0.004728858008387715,0.016678774507347973,0.36818181818181817,0.0038817132635919835,0.003641631136119919,0.23636363636363636,0.004050820211987341,0.36363636363636365,0.0045980376643071745,0.4,0.006624943021136428,0.4727272727272727
2861302546,E020,robust_control_aware,moderate,0.0011248384100607132,0.006159334257021119,0.6681818181818182,0.0038817132635919835,0.0008933004507419798,0.41818181818181815,0.0013714722283089155,0.5818181818181818,0.0018198330004528874,0.7272727272727273,0.00041474796073906874,0.9454545454545454
2861302546,E020,robust_control_aware,strong,0.0028493739239882384,0.013012389818655516,0.5454545454545454,0.0038817132635919835,0.0025955954034147513,0.3090909090909091,0.0022830447489170696,0.5454545454545454,0.0031323189148037764,0.5636363636363636,0.003386536628817358,0.7636363636363637
2861302546,E031,boundary_aware,moderate,0.004633532261230762,0.01555694998874746,0.33636363636363636,0.0038817132635919835,0.0029282593752046264,0.2909090909090909,0.004024486593019866,0.32727272727272727,0.004405053762306486,0.32727272727272727,0.007176329314392068,0.4
2861302546,E031,boundary_aware,strong,0.005941576977195003,0.019251411521281032,0.2909090909090909,0.0038817132635919835,0.0038346777604763627,0.2909090909090909,0.004331940549539192,0.3090909090909091,0.005117861176319475,0.2727272727272727,0.010481828422444986,0.2909090909090909
2861302546,E031,robust_control_aware,moderate,0.004165687391720048,0.015447976272946482,0.38181818181818183,0.0038817132635919835,0.0024121129850968666,0.2909090909090909,0.004072244308804815,0.32727272727272727,0.003478428164238231,0.43636363636363634,0.00669996410874028,0.4727272727272727
2861302546,E031,robust_control_aware,strong,0.004949856416058508,0.01681409296315949,0.34545454545454546,0.0038817132635919835,0.0029926916673720925,0.3090909090909091,0.004229580688790609,0.3090909090909091,0.004171534493714032,0.4,0.008405618814357297,0.36363636363636365
2709708980,E020,boundary_aware,moderate,0.0028239543818563387,0.010117993978209974,0.42727272727272725,0.0035135742043730035,0.0014292898650735898,0.3090909090909091,0.002486381719994416,0.36363636363636365,0.003204747596018886,0.4909090909090909,0.0041753983463384626,0.5454545454545454
2709708980,E020,boundary_aware,strong,0.0049602244235977516,0.019239315340505166,0.33636363636363636,0.0035135742043730035,0.004440698216206308,0.21818181818181817,0.003397132415681971,0.3090909090909091,0.004862120032026679,0.38181818181818183,0.00714094703047605,0.43636363636363634
2709708980,E020,robust_control_aware,moderate,0.000828155051850897,0.004582469284041976,0.6772727272727272,0.0035135742043730035,0.0007121581734629233,0.43636363636363634,0.0013917596336904656,0.5272727272727272,0.0007292546668448241,0.8181818181818182,0.00047944773340537515,0.9272727272727272
2709708980,E020,robust_control_aware,strong,0.0023352889067695514,0.009460283908796333,0.5590909090909091,0.0035135742043730035,0.0013836348399506797,0.34545454545454546,0.0018208218494450805,0.5272727272727272,0.0017231330594516254,0.7272727272727273,0.004413565878230821,0.6363636363636364
2709708980,E031,boundary_aware,moderate,0.004789691526068258,0.018153485019741396,0.33636363636363636,0.0035135742043730035,0.0032191926045224057,0.3090909090909091,0.003954375193571262,0.4,0.003924525370150576,0.2545454545454545,0.008060672936028787,0.38181818181818183
2709708980,E031,boundary_aware,strong,0.005749249604384512,0.021144595566288747,0.3090909090909091,0.0035135742043730035,0.005737869407464474,0.2,0.004417211656005644,0.41818181818181815,0.004196846163045903,0.2545454545454545,0.00864507119102203,0.36363636363636365
2709708980,E031,robust_control_aware,moderate,0.0037408539867928186,0.012947856422311391,0.40454545454545454,0.0035135742043730035,0.003473794207631978,0.2909090909090909,0.003322641475344907,0.38181818181818183,0.003496957423960313,0.34545454545454546,0.004670022840234077,0.6
2709708980,E031,robust_control_aware,strong,0.0054562178709101836,0.019831435384582395,0.3181818181818182,0.0035135742043730035,0.004533993425455016,0.2545454545454545,0.004462876458733931,0.38181818181818183,0.004222803606435674,0.2727272727272727,0.008605197993016114,0.36363636363636365
2540470214,E020,boundary_aware,moderate,0.0034708406742618163,0.013835480766108608,0.4090909090909091,0.0037502390791779145,0.0015092232769812115,0.4,0.0027575695221490177,0.32727272727272727,0.0030932470609026557,0.45454545454545453,0.00652332283701438,0.45454545454545453
2540470214,E020,boundary_aware,strong,0.005950140435488749,0.021271220109839367,0.3,0.0037502390791779145,0.003251544837396375,0.32727272727272727,0.004702299026323442,0.3090909090909091,0.004391503063142731,0.32727272727272727,0.011455214815092447,0.23636363636363636
2540470214,E020,robust_control_aware,moderate,0.0012734398253825996,0.00633209084086065,0.5954545454545455,0.0037502390791779145,0.0007046974486391845,0.4,0.0019631820528173516,0.45454545454545453,0.0013770548492780615,0.6727272727272727,0.0010488249507958004,0.8545454545454545
2540470214,E020,robust_control_aware,strong,0.0039087263699970915,0.016375456590735794,0.39545454545454545,0.0037502390791779145,0.0019201410129453275,0.3090909090909091,0.003144902306070221,0.32727272727272727,0.0029678792216959802,0.45454545454545453,0.007601982939276838,0.4909090909090909
2540470214,E031,boundary_aware,moderate,0.004533943846266161,0.015291868731176684,0.3409090909090909,0.0037502390791779145,0.0025727298941640897,0.3090909090909091,0.0040489089303867055,0.3090909090909091,0.004296164264242978,0.34545454545454546,0.00721797229627087,0.4
2540470214,E031,boundary_aware,strong,0.005823891941178228,0.02348357482746256,0.2818181818181818,0.0037502390791779145,0.004153312264205122,0.23636363636363636,0.004208029222082783,0.3090909090909091,0.0052860843435894945,0.2909090909090909,0.009648141934835508,0.2909090909090909
2540470214,E031,robust_control_aware,moderate,0.0033148019375716987,0.01155967699463991,0.42727272727272725,0.0037502390791779145,0.0013714021402563374,0.4,0.004066048224692381,0.2909090909090909,0.0036118662104849203,0.38181818181818183,0.004209891174853156,0.6363636363636364
2540470214,E031,robust_control_aware,strong,0.00472610425057404,0.01542881897760975,0.35909090909090907,0.0037502390791779145,0.002825011353374689,0.32727272727272727,0.004720147038537907,0.2909090909090909,0.0047119617456733666,0.34545454545454546,0.006647296864710199,0.4727272727272727
2694695743,E020,boundary_aware,moderate,0.0032407362500928008,0.011540030283871384,0.42727272727272725,0.0036300628015153396,0.0017033462057029888,0.34545454545454546,0.002562789804733664,0.41818181818181815,0.003571230766893384,0.43636363636363634,0.005125578223041165,0.509090909090909
2694695743,E020,boundary_aware,strong,0.005410375121892974,0.019620114385924863,0.32727272727272727,0.0036300628015153396,0.0033611691671781457,0.2727272727272727,0.003782576758528525,0.38181818181818183,0.004299407342263618,0.38181818181818183,0.01019834721960161,0.2727272727272727
2694695743,E020,robust_control_aware,moderate,0.0012387642761360917,0.005779659610367008,0.6363636363636364,0.0036300628015153396,0.001336995208277195,0.4,0.0010901973479552987,0.5818181818181818,0.0016766355935345385,0.6363636363636364,0.0008512289547773342,0.9272727272727272
2694695743,E020,robust_control_aware,strong,0.0028393012957382583,0.010919915628658277,0.4863636363636364,0.0036300628015153396,0.0019657653145486145,0.36363636363636365,0.0024659769900358527,0.41818181818181815,0.002755287239866343,0.5454545454545454,0.004170175638502222,0.6181818181818182
2694695743,E031,boundary_aware,moderate,0.0046010870590870515,0.016374631505459526,0.35909090909090907,0.0036300628015153396,0.002923072847766001,0.43636363636363634,0.0030872698219729386,0.34545454545454546,0.0055247455000211896,0.2,0.00686926006658808,0.45454545454545453
2694695743,E031,boundary_aware,strong,0.005363503944149477,0.02019162674759896,0.3181818181818182,0.0036300628015153396,0.00399128469699788,0.34545454545454546,0.0034099678413274204,0.34545454545454546,0.005531392907524004,0.2,0.008521370330748608,0.38181818181818183
2694695743,E031,robust_control_aware,moderate,0.003565486200169307,0.012835249969592713,0.4,0.0036300628015153396,0.0020878020208376902,0.38181818181818183,0.00265224573963506,0.34545454545454546,0.005509182775241432,0.18181818181818182,0.004012714264963047,0.6909090909090909
2694695743,E031,robust_control_aware,strong,0.004724718328817748,0.016374631505459526,0.34545454545454546,0.0036300628015153396,0.0034428547871485043,0.38181818181818183,0.003075855483086728,0.32727272727272727,0.0058488015019926886,0.16363636363636364,0.006531361543043073,0.509090909090909
2838926281,E020,boundary_aware,moderate,0.0027714094332048135,0.010615900602046788,0.4590909090909091,0.003447370852489051,0.0013846919074476537,0.36363636363636365,0.0020650517360041717,0.4,0.0022144967021762276,0.5818181818181818,0.0054213973871912015,0.4909090909090909
2838926281,E020,boundary_aware,strong,0.0034741413784158083,0.012666752608492962,0.42272727272727273,0.003447370852489051,0.001739907706036398,0.38181818181818183,0.002365804383032891,0.38181818181818183,0.002883940143531831,0.509090909090909,0.006906913281062112,0.41818181818181815
2838926281,E020,robust_control_aware,moderate,0.001069979717105026,0.005943990320659182,0.65,0.003447370852489051,0.0007777922754472554,0.4727272727272727,0.0013427545622523964,0.509090909090909,0.0013923606742813933,0.7090909090909091,0.0007670113564390578,0.9090909090909091
2838926281,E020,robust_control_aware,strong,0.0018125261558703566,0.009032171218944902,0.5863636363636363,0.003447370852489051,0.0014092025347069933,0.41818181818181815,0.0016300063094174836,0.4727272727272727,0.001725335893751687,0.6545454545454545,0.0024855598856052628,0.8
2838926281,E031,boundary_aware,moderate,0.004482490496040073,0.015195970024560553,0.31363636363636366,0.003447370852489051,0.0029327426856466986,0.2909090909090909,0.003047595001282232,0.2909090909090909,0.004398696864555381,0.32727272727272727,0.007550927432675981,0.34545454545454546
2838926281,E031,boundary_aware,strong,0.005838950170274721,0.018045787466443013,0.2727272727272727,0.003447370852489051,0.004206515029552756,0.21818181818181817,0.004287250343600439,0.2727272727272727,0.004774482324915489,0.3090909090909091,0.0100875529830302,0.2909090909090909
2838926281,E031,robust_control_aware,moderate,0.0036579773581100474,0.014869146078574333,0.39090909090909093,0.003447370852489051,0.002759094534105372,0.3090909090909091,0.002232425579966834,0.4,0.0038133679227228085,0.36363636363636365,0.005827021395645174,0.4909090909090909
2838926281,E031,robust_control_aware,strong,0.004921540923893057,0.01639865669421851,0.33636363636363636,0.003447370852489051,0.003644155346803169,0.3090909090909091,0.0029460512057704847,0.32727272727272727,0.004161564122074249,0.34545454545454546,0.008934393020924329,0.36363636363636365
2858725238,E020,boundary_aware,moderate,0.0027612820646152393,0.010309239565881296,0.39090909090909093,0.00337360138573249,0.0010255740109083608,0.43636363636363634,0.002538893050393718,0.34545454545454546,0.00298772022920248,0.2909090909090909,0.004492940967956402,0.4909090909090909
2858725238,E020,boundary_aware,strong,0.004069845627468616,0.016655705524739405,0.35,0.00337360138573249,0.0018822429045105527,0.41818181818181815,0.003274546230850616,0.32727272727272727,0.004840650653372683,0.2545454545454545,0.006281942721140611,0.4
2858725238,E020,robust_control_aware,moderate,0.0012641098813621703,0.007059574848347084,0.5909090909090909,0.00337360138573249,0.0007151189903288711,0.41818181818181815,0.0018354924764098152,0.5272727272727272,0.0015315543334167914,0.5636363636363636,0.0009742737252932028,0.8545454545454545
2858725238,E020,robust_control_aware,strong,0.0024585686677471093,0.009182393481023607,0.4636363636363636,0.00337360138573249,0.0010760889822347063,0.43636363636363634,0.002356672942934003,0.45454545454545453,0.0026266122087278956,0.41818181818181815,0.0037749005370918327,0.5454545454545454
2858725238,E031,boundary_aware,moderate,0.004478742450439618,0.015112415663346803,0.35454545454545455,0.00337360138573249,0.0026367068936435888,0.41818181818181815,0.004535334025873315,0.32727272727272727,0.004026225577604914,0.2727272727272727,0.006716703304636651,0.4
2858725238,E031,boundary_aware,strong,0.005393862235055384,0.019699010409822353,0.30454545454545456,0.00337360138573249,0.0033171048335997864,0.34545454545454546,0.005650927326799743,0.2727272727272727,0.005208759169133738,0.23636363636363636,0.007398657610688268,0.36363636363636365
2858725238,E031,robust_control_aware,moderate,0.003475304705909066,0.01333578659890897,0.41818181818181815,0.00337360138573249,0.003198064931749904,0.4,0.003327852087806162,0.34545454545454546,0.0033768859429821677,0.3090909090909091,0.00399841586109803,0.6181818181818182
2858725238,E031,robust_control_aware,strong,0.004618652145524989,0.014834533955890765,0.35,0.00337360138573249,0.003877671166444465,0.34545454545454546,0.0045890372495373515,0.3090909090909091,0.004484436362300674,0.2545454545454545,0.005523463803817464,0.4909090909090909
2715587874,E020,boundary_aware,moderate,0.002671346550378915,0.009393648751095808,0.43636363636363634,0.003579681745965971,0.0023486193306483513,0.2727272727272727,0.0025651713390372082,0.38181818181818183,0.002852527235278608,0.45454545454545453,0.0029190682965514925,0.6363636363636364
2715587874,E020,boundary_aware,strong,0.003951619839587581,0.013926593512542829,0.35454545454545455,0.003579681745965971,0.0033906737797870317,0.2545454545454545,0.0031197185522174016,0.32727272727272727,0.00392424199716654,0.36363636363636365,0.00537184502917935,0.4727272727272727
2715587874,E020,robust_control_aware,moderate,0.0010349492121767294,0.0057280990593614346,0.6727272727272727,0.003579681745965971,0.0014073291895618277,0.41818181818181815,0.001080612917139718,0.6363636363636364,0.001201968695994033,0.7090909090909091,0.0004498860460113395,0.9272727272727272
2715587874,E020,robust_control_aware,strong,0.0019793665096424482,0.007647884049037374,0.5272727272727272,0.003579681745965971,0.0021695730350387095,0.34545454545454546,0.002122093611734527,0.43636363636363634,0.00211333962895159,0.5454545454545454,0.0015124597628449652,0.7818181818181819
2715587874,E031,boundary_aware,moderate,0.004574542413829756,0.014436120991780477,0.2772727272727273,0.003579681745965971,0.0028666159247078328,0.18181818181818182,0.004494528999788958,0.21818181818181817,0.004596420671857387,0.32727272727272727,0.006340604058964849,0.38181818181818183
2715587874,E031,boundary_aware,strong,0.005426014917753179,0.019417068861230572,0.2772727272727273,0.003579681745965971,0.003083702462559342,0.2,0.005688172315160117,0.2,0.004501603450775938,0.4,0.00843058144251732,0.3090909090909091
2715587874,E031,robust_control_aware,moderate,0.003260688543152507,0.011494189205642363,0.38181818181818183,0.003579681745965971,0.0018135764265276902,0.2909090909090909,0.0030869574396083883,0.3090909090909091,0.0036520165376694607,0.41818181818181815,0.0044902037688044905,0.509090909090909
2715587874,E031,robust_control_aware,strong,0.00476857450748192,0.01493170475388257,0.2772727272727273,0.003579681745965971,0.002794173020078127,0.18181818181818182,0.004725500140222734,0.23636363636363636,0.004667079954936969,0.34545454545454546,0.006887544914689845,0.34545454545454546
2680261440,E020,boundary_aware,moderate,0.002919496720633431,0.011138688276647215,0.42727272727272725,0.0036233218649513637,0.002135227969987476,0.34545454545454546,0.002485736140564918,0.38181818181818183,0.0038103220682754193,0.36363636363636365,0.0032467007037059094,0.6181818181818182
2680261440,E020,boundary_aware,strong,0.004891714688206082,0.016186132094097177,0.34545454545454546,0.0036233218649513637,0.0035332360487493795,0.34545454545454546,0.0041305478642734254,0.2909090909090909,0.0046280280064636406,0.2727272727272727,0.00727504683333788,0.4727272727272727
2680261440,E020,robust_control_aware,moderate,0.0012602652197388033,0.006185082884208783,0.6681818181818182,0.0036233218649513637,0.0008865823815950929,0.509090909090909,0.001078015299998844,0.6,0.0013255024348207026,0.6909090909090909,0.0017509607625405734,0.8727272727272727
2680261440,E020,robust_control_aware,strong,0.002732106105828575,0.009788049894828437,0.4954545454545455,0.0036233218649513637,0.0015618913614271696,0.4,0.002484456531835892,0.41818181818181815,0.002719063879695394,0.4909090909090909,0.0041630126503558445,0.6727272727272727
2680261440,E031,boundary_aware,moderate,0.004076399139544452,0.013839782942689855,0.36363636363636365,0.0036233218649513637,0.0026097422157516027,0.32727272727272727,0.0029642156146430856,0.2909090909090909,0.0035209579515611106,0.4,0.007210680776222012,0.43636363636363634
2680261440,E031,boundary_aware,strong,0.005103603099094704,0.019231978886197855,0.32727272727272727,0.0036233218649513637,0.004364978476830475,0.2727272727272727,0.0034023003630231767,0.2909090909090909,0.004574104186127539,0.36363636363636365,0.008073029370397628,0.38181818181818183
2680261440,E031,robust_control_aware,moderate,0.0031921310292182285,0.011403950318742624,0.42272727272727273,0.0036233218649513637,0.0024730369721112184,0.3090909090909091,0.0027651894828123738,0.3090909090909091,0.003151619935248039,0.4727272727272727,0.004378677726701283,0.6
2680261440,E031,robust_control_aware,strong,0.00433379501525902,0.015853061393427036,0.35909090909090907,0.0036233218649513637,0.0032230979981721923,0.2909090909090909,0.002953717536773399,0.2909090909090909,0.0036959741768817387,0.41818181818181815,0.007462390349208752,0.43636363636363634
2515829757,E020,boundary_aware,moderate,0.0030550478339190063,0.011270614983619608,0.39090909090909093,0.0036107057488512827,0.001934898258881975,0.2909090909090909,0.003135827097083562,0.2909090909090909,0.002901582292345144,0.41818181818181815,0.0042478836873653435,0.5636363636363636
2515829757,E020,boundary_aware,strong,0.0044597614949713395,0.01483893265255201,0.32272727272727275,0.0036107057488512827,0.002649576030822494,0.2545454545454545,0.004760953099397574,0.2545454545454545,0.0035924454477113147,0.36363636363636365,0.006836071401953975,0.41818181818181815
2515829757,E020,robust_control_aware,moderate,0.0017072082980452536,0.007948259444003859,0.55,0.0036107057488512827,0.0015176282483438319,0.36363636363636365,0.0023324809655602724,0.38181818181818183,0.001914687919491186,0.6181818181818182,0.0010640360587857237,0.8363636363636363
2515829757,E020,robust_control_aware,strong,0.0031679110683127364,0.011459805200858974,0.45,0.0036107057488512827,0.0023570078410998876,0.3090909090909091,0.0034184860526350605,0.32727272727272727,0.002169717847424439,0.5818181818181818,0.0047264325320915575,0.5818181818181818
2515829757,E031,boundary_aware,moderate,0.004920621034783183,0.015112114529676361,0.32727272727272727,0.0036107057488512827,0.004126969956493218,0.23636363636363636,0.004207224364760187,0.23636363636363636,0.0038641582589583946,0.36363636363636365,0.007484131558920933,0.4727272727272727
2515829757,E031,boundary_aware,strong,0.0055585668279548965,0.019768352559270414,0.3,0.0036107057488512827,0.004424311897429145,0.2,0.004443412886281099,0.23636363636363636,0.004474229366361595,0.34545454545454546,0.00889231316174775,0.41818181818181815
2515829757,E031,robust_control_aware,moderate,0.003615392931888794,0.012095947191119191,0.4,0.0036107057488512827,0.002543742778362569,0.3090909090909091,0.003458744966983944,0.2909090909090909,0.0038432193667669477,0.36363636363636365,0.004615864615441715,0.6363636363636364
2515829757,E031,robust_control_aware,strong,0.005060030164253579,0.01545600610295348,0.33181818181818185,0.0036107057488512827,0.003929713653056996,0.23636363636363636,0.004297101252263162,0.23636363636363636,0.00375743859888434,0.38181818181818183,0.008255867152809819,0.4727272727272727
2889646967,E020,boundary_aware,moderate,0.003050933003271035,0.012885777811612256,0.44545454545454544,0.0038573406460951933,0.002161514431476941,0.38181818181818183,0.00239962871239361,0.32727272727272727,0.003149015460455558,0.45454545454545453,0.004493573408758031,0.6181818181818182
2889646967,E020,boundary_aware,strong,0.004501545085602597,0.016132201622496886,0.3409090909090909,0.0038573406460951933,0.002821561021378947,0.32727272727272727,0.0030848993867489734,0.2727272727272727,0.00494417512028951,0.34545454545454546,0.007155544813992957,0.41818181818181815
2889646967,E020,robust_control_aware,moderate,0.0007693474089630653,0.003946700057870351,0.6545454545454545,0.0038573406460951933,0.0007702801786154087,0.4,0.0010394145781533945,0.5272727272727272,0.0010608686606103327,0.7272727272727273,0.0002068262184731253,0.9636363636363636
2889646967,E020,robust_control_aware,strong,0.0024553024170710365,0.011433041062207458,0.5045454545454545,0.0038573406460951933,0.0024485999447357845,0.34545454545454546,0.002199841357933402,0.4,0.002548963192663656,0.509090909090909,0.002623805172951305,0.7636363636363637
2889646967,E031,boundary_aware,moderate,0.004388182664421014,0.015172252071131051,0.35454545454545455,0.0038573406460951933,0.0023125059673841757,0.3090909090909091,0.0030779555628243278,0.34545454545454546,0.0037982851304227553,0.32727272727272727,0.0083639839970528,0.43636363636363634
2889646967,E031,boundary_aware,strong,0.005192103270536944,0.016865865234285526,0.32272727272727275,0.0038573406460951933,0.0034470791593743735,0.3090909090909091,0.004209923848367885,0.2727272727272727,0.004132886775804838,0.3090909090909091,0.008978523298600683,0.4
2889646967,E031,robust_control_aware,moderate,0.004014812508582094,0.014537459351087308,0.37727272727272726,0.0038573406460951933,0.0023261052285376256,0.2727272727272727,0.003590381386055723,0.3090909090909091,0.0037367230698938632,0.4,0.0064060403498411665,0.5272727272727272
2889646967,E031,robust_control_aware,strong,0.004455966821783914,0.014407234280696755,0.33636363636363636,0.0038573406460951933,0.002352105271684976,0.2909090909090909,0.004191702895959262,0.23636363636363636,0.004217351167834349,0.32727272727272727,0.00706270795165707,0.4909090909090909
2540076623,E020,boundary_aware,moderate,0.002609357408561203,0.011303043295301823,0.5409090909090909,0.0034125408363290923,0.00199743642935181,0.5272727272727272,0.0021589265682510684,0.509090909090909,0.0028168864760411074,0.5272727272727272,0.0034641801606008268,0.6
2540076623,E020,boundary_aware,strong,0.0050687739872391484,0.017768532979207042,0.38636363636363635,0.0034125408363290923,0.004198242047836063,0.4,0.003772979334434046,0.38181818181818183,0.0042919264995090614,0.4,0.008011948067177418,0.36363636363636365
2540076623,E020,robust_control_aware,moderate,0.0009211702318490697,0.005029524880358898,0.7136363636363636,0.0034125408363290923,0.0011498605139343026,0.5272727272727272,0.0008062133506689229,0.6727272727272727,0.0009908157026038314,0.7818181818181819,0.0007377913601892219,0.8727272727272727
2540076623,E020,robust_control_aware,strong,0.0019334831078693538,0.008465754943571189,0.6045454545454545,0.0034125408363290923,0.0015976898289170036,0.4909090909090909,0.00154941982179882,0.5454545454545454,0.002533603380000709,0.6,0.002053219400760882,0.7818181818181819
2540076623,E031,boundary_aware,moderate,0.00431346072873762,0.01670788784977047,0.38181818181818183,0.0034125408363290923,0.0016695370130885472,0.4727272727272727,0.003744872370999754,0.2909090909090909,0.004575050735115794,0.34545454545454546,0.007264382795746383,0.41818181818181815
2540076623,E031,boundary_aware,strong,0.0049875398342859156,0.01839845258988336,0.35,0.0034125408363290923,0.0028672862169715303,0.43636363636363634,0.0037486864274318007,0.2727272727272727,0.0048797519750369755,0.32727272727272727,0.008454434717703355,0.36363636363636365
2540076623,E031,robust_control_aware,moderate,0.003058747315472569,0.012353249068557677,0.4727272727272727,0.0034125408363290923,0.0015560659471930834,0.4727272727272727,0.0031672667621547483,0.3090909090909091,0.003200796733690936,0.45454545454545453,0.004310859818851509,0.6545454545454545
2540076623,E031,robust_control_aware,strong,0.004088310057336355,0.015530882745528747,0.4,0.0034125408363290923,0.0017843822572114556,0.4727272727272727,0.0038484357559917127,0.2727272727272727,0.004128148551308021,0.36363636363636365,0.00659227366483423,0.4909090909090909
2795205179,E020,boundary_aware,moderate,0.0022432038855798074,0.00922461672544685,0.4863636363636364,0.004179749129636565,0.0015391416499594456,0.2727272727272727,0.0018648746246397693,0.4727272727272727,0.002572339760228271,0.5272727272727272,0.0029964595074917447,0.6727272727272727
2795205179,E020,boundary_aware,strong,0.0037226135019830142,0.015983969378988,0.40454545454545454,0.004179749129636565,0.0021691960971184725,0.23636363636363636,0.0023480152042363368,0.41818181818181815,0.003450498064832514,0.4727272727272727,0.006922744641744732,0.4909090909090909
2795205179,E020,robust_control_aware,moderate,0.0011812351164047698,0.0047970720778831915,0.6681818181818182,0.004179749129636565,0.0009985080377011685,0.4,0.0009863374977258788,0.6181818181818182,0.0014321611241658546,0.7090909090909091,0.001307933806026177,0.9454545454545454
2795205179,E020,robust_control_aware,strong,0.0019937811587295608,0.008699322401525315,0.5636363636363636,0.004179749129636565,0.0015039984962936413,0.34545454545454546,0.0014823151491013852,0.5454545454545454,0.002115914605438714,0.5818181818181818,0.0028728963840845027,0.7818181818181819
2795205179,E031,boundary_aware,moderate,0.005095617641132678,0.018613354829306716,0.32272727272727275,0.004179749129636565,0.0034210356992026175,0.4,0.003891409000586473,0.2,0.005353929326210406,0.3090909090909091,0.007716096538531215,0.38181818181818183
2795205179,E031,boundary_aware,strong,0.006326060033364598,0.023469867379305176,0.2681818181818182,0.004179749129636565,0.004397525164395974,0.32727272727272727,0.00419787115109786,0.16363636363636364,0.006251945357447515,0.2727272727272727,0.010456898460517044,0.3090909090909091
2795205179,E031,robust_control_aware,moderate,0.0038293006248827015,0.013740636662350836,0.39545454545454545,0.004179749129636565,0.0031133841620102796,0.32727272727272727,0.004063764618847131,0.23636363636363636,0.003946877154875393,0.41818181818181815,0.004193176563798003,0.6
2795205179,E031,robust_control_aware,strong,0.005367225072855948,0.01964813136521509,0.3181818181818182,0.004179749129636565,0.003847607693207198,0.2727272727272727,0.004148595720888521,0.23636363636363636,0.005531282382896757,0.3090909090909091,0.00794141449443131,0.45454545454545453
2850690596,E020,boundary_aware,moderate,0.0031763392944953337,0.01149719463731548,0.35909090909090907,0.003390011373744841,0.0018632577583695205,0.2545454545454545,0.0023666819740855907,0.2909090909090909,0.0030087731160823687,0.45454545454545453,0.005466644329443856,0.43636363636363634
2850690596,E020,boundary_aware,strong,0.00506769143178751,0.016527222126765544,0.2863636363636364,0.003390011373744841,0.003015772037128519,0.23636363636363636,0.0033743384203309694,0.2727272727272727,0.0048344492385777454,0.38181818181818183,0.009046206031112808,0.2545454545454545
2850690596,E020,robust_control_aware,moderate,0.001166708093918583,0.005654156477454686,0.6181818181818182,0.003390011373744841,0.0007327804275203503,0.43636363636363634,0.0015382568303602127,0.4909090909090909,0.001123304490311757,0.7272727272727273,0.0012724906274820113,0.8181818181818182
2850690596,E020,robust_control_aware,strong,0.0026438130365221777,0.01149719463731548,0.4681818181818182,0.003390011373744841,0.001580687721070789,0.36363636363636365,0.002146634469883282,0.43636363636363634,0.0026517988157677675,0.509090909090909,0.004196131139366872,0.5636363636363636
2850690596,E031,boundary_aware,moderate,0.004758690903461945,0.015360090361007196,0.2909090909090909,0.003390011373744841,0.0029239579644317576,0.2545454545454545,0.00405401496053859,0.2545454545454545,0.0034068946178184775,0.36363636363636365,0.008649896071058953,0.2909090909090909
2850690596,E031,boundary_aware,strong,0.005470398656861015,0.01598365255463733,0.2772727272727273,0.003390011373744841,0.0034972261893603048,0.23636363636363636,0.004020890243374073,0.2727272727272727,0.004256560765996381,0.32727272727272727,0.010106917428713297,0.2727272727272727
2850690596,E031,robust_control_aware,moderate,0.004125615907047493,0.014823062948586143,0.35909090909090907,0.003390011373744841,0.00237351959695311,0.32727272727272727,0.0037710562652791923,0.2727272727272727,0.0035945885176752734,0.38181818181818183,0.006763299248282393,0.45454545454545453
2850690596,E031,robust_control_aware,strong,0.005250765828771599,0.01598365255463733,0.2818181818181818,0.003390011373744841,0.003847010640160527,0.18181818181818182,0.004130020381297566,0.2727272727272727,0.0044722787935780545,0.32727272727272727,0.008553753500050247,0.34545454545454546
2886865402,E020,boundary_aware,moderate,0.002725454937338128,0.011019667910164113,0.43636363636363634,0.00369388320520545,0.0015434688842412266,0.38181818181818183,0.002227469285622715,0.36363636363636365,0.0032821221374298537,0.4,0.0038487594420587175,0.6
2886865402,E020,boundary_aware,strong,0.004093325042600053,0.01344593349391245,0.35,0.00369388320520545,0.002802034970492051,0.2909090909090909,0.0032199268064254227,0.2545454545454545,0.00371799238748595,0.38181818181818183,0.006633346005996791,0.4727272727272727
2886865402,E020,robust_control_aware,moderate,0.0010451348489921685,0.005430831709292847,0.6681818181818182,0.00369388320520545,0.0010231373094923006,0.4909090909090909,0.0014719324547041142,0.5454545454545454,0.0013085999975786338,0.7090909090909091,0.00037686963419362513,0.9272727272727272
2886865402,E020,robust_control_aware,strong,0.002143332688586387,0.00970854371321245,0.5272727272727272,0.00369388320520545,0.0016036146849791218,0.38181818181818183,0.002297310411655885,0.43636363636363634,0.0024817525021080243,0.5454545454545454,0.0021906531556025177,0.7454545454545455
2886865402,E031,boundary_aware,moderate,0.004983438135106149,0.018753782697583623,0.3181818181818182,0.00369388320520545,0.0037278840170679294,0.3090909090909091,0.003066007422630587,0.3090909090909091,0.004588463935984748,0.36363636363636365,0.008551397164741327,0.2909090909090909
2886865402,E031,boundary_aware,strong,0.006183994724817067,0.02237981333260198,0.2727272727272727,0.00369388320520545,0.00466622146032588,0.2909090909090909,0.004127331372923766,0.2545454545454545,0.005027672273044765,0.32727272727272727,0.01091475379297386,0.21818181818181817
2886865402,E031,robust_control_aware,moderate,0.003744929572591981,0.012468294406097431,0.37272727272727274,0.00369388320520545,0.002481747248657545,0.32727272727272727,0.002807717275318314,0.32727272727272727,0.0036821268839736126,0.36363636363636365,0.006008126882418453,0.4727272727272727
2886865402,E031,robust_control_aware,strong,0.005127627948140723,0.016704793690996863,0.30454545454545456,0.00369388320520545,0.004470296838228529,0.2,0.0033008923903124435,0.3090909090909091,0.004685710967321796,0.34545454545454546,0.008053611596700122,0.36363636363636365
2586607378,E020,boundary_aware,moderate,0.0024487158436108008,0.009117148164659736,0.4409090909090909,0.0032373224363105293,0.0018934509847072416,0.34545454545454546,0.0017605986978632617,0.36363636363636365,0.0026183152638224057,0.4909090909090909,0.0035224984280502938,0.5636363636363636
2586607378,E020,boundary_aware,strong,0.00354002331340512,0.010779514587161003,0.36363636363636365,0.0032373224363105293,0.003215449906904805,0.2727272727272727,0.0023920541529117967,0.34545454545454546,0.0033316285500474647,0.43636363636363634,0.005220960643756414,0.4
2586607378,E020,robust_control_aware,moderate,0.0011101008625746965,0.0058889144334016074,0.65,0.0032373224363105293,0.0012754068998818249,0.45454545454545453,0.0012590998694860954,0.5272727272727272,0.0015078434351433873,0.6909090909090909,0.0003980532457874791,0.9272727272727272
2586607378,E020,robust_control_aware,strong,0.0019285101698122563,0.008509571584997868,0.5590909090909091,0.0032373224363105293,0.0020255336649585352,0.45454545454545453,0.001887872746371414,0.43636363636363634,0.0024277455427895635,0.5636363636363636,0.0013728887251295118,0.7818181818181819
2586607378,E031,boundary_aware,moderate,0.004101347973009337,0.012193419322990322,0.3090909090909091,0.0032373224363105293,0.003338317402415948,0.18181818181818182,0.003706802792154576,0.23636363636363636,0.004243846106018455,0.38181818181818183,0.00511642559144837,0.43636363636363634
2586607378,E031,boundary_aware,strong,0.004934431588772604,0.015470984112246917,0.29545454545454547,0.0032373224363105293,0.0034992568540319785,0.18181818181818182,0.0043904393092432025,0.2727272727272727,0.0049004120494976515,0.36363636363636365,0.006947618142317584,0.36363636363636365
2586607378,E031,robust_control_aware,moderate,0.0033746626890504327,0.011517710399907606,0.39545454545454545,0.0032373224363105293,0.0030946436959015007,0.21818181818181817,0.003673905497388249,0.2909090909090909,0.003366451370027803,0.45454545454545453,0.0033636501928841797,0.6181818181818182
2586607378,E031,robust_control_aware,strong,0.004778338602102881,0.012627184991761525,0.2909090909090909,0.0032373224363105293,0.003970774278637807,0.18181818181818182,0.004649457979424339,0.18181818181818182,0.004472605263852581,0.38181818181818183,0.006020516886496794,0.41818181818181815
2735447405,E020,boundary_aware,moderate,0.0030563969189450085,0.012824493600549075,0.4409090909090909,0.003777411101232053,0.0023638861139274134,0.4,0.0021985515354110193,0.38181818181818183,0.0029377885554537197,0.4,0.0047253614709878815,0.5818181818181818
2735447405,E020,boundary_aware,strong,0.0056640250963990715,0.020041893179979862,0.29545454545454547,0.003777411101232053,0.004105213051913345,0.2909090909090909,0.004459635009785719,0.21818181818181817,0.00435274524879661,0.3090909090909091,0.00973850707510061,0.36363636363636365
2735447405,E020,robust_control_aware,moderate,0.0010420904809736664,0.005580416049974615,0.65,0.003777411101232053,0.0009177780433168913,0.43636363636363634,0.0013835604739910674,0.5272727272727272,0.0014606450035475765,0.6727272727272727,0.0004063784030391299,0.9636363636363636
2735447405,E020,robust_control_aware,strong,0.0032073887805721085,0.01303413312266836,0.4681818181818182,0.003777411101232053,0.002439714924516995,0.38181818181818183,0.0026067008941093907,0.41818181818181815,0.0029172324448807174,0.41818181818181815,0.004865906858781331,0.6545454545454545
2735447405,E031,boundary_aware,moderate,0.004148843337631027,0.016121842269108653,0.38181818181818183,0.003777411101232053,0.0027436641849540584,0.38181818181818183,0.0035072669642203925,0.3090909090909091,0.004764448427607018,0.32727272727272727,0.005579993773742635,0.509090909090909
2735447405,E031,boundary_aware,strong,0.0052750624766309765,0.01893752669189517,0.32272727272727275,0.003777411101232053,0.0036945910577629018,0.2545454545454545,0.004176798323406812,0.2909090909090909,0.004808801449809844,0.36363636363636365,0.008420059075544346,0.38181818181818183
2735447405,E031,robust_control_aware,moderate,0.0030126160050960955,0.011977260853509928,0.45,0.003777411101232053,0.0025509308201619326,0.32727272727272727,0.002993496697240027,0.38181818181818183,0.003934234504376043,0.34545454545454546,0.002571801998606381,0.7454545454545455
2735447405,E031,robust_control_aware,strong,0.004343680453407094,0.01612343423880951,0.35909090909090907,0.003777411101232053,0.0031164010575658314,0.2909090909090909,0.0033686317626570404,0.3090909090909091,0.005254302766283283,0.3090909090909091,0.005635386227122222,0.5272727272727272
2688569831,E020,boundary_aware,moderate,0.0027264926892981755,0.01044367456480039,0.42272727272727273,0.003331495258629968,0.001219043618954648,0.36363636363636365,0.003335503186254567,0.2909090909090909,0.0023080683963997177,0.4909090909090909,0.00404335555558377,0.5454545454545454
2688569831,E020,boundary_aware,strong,0.004763227901557824,0.017924427340840363,0.31363636363636366,0.003331495258629968,0.003086419578504976,0.2909090909090909,0.004713256768796809,0.18181818181818182,0.0036879661865720104,0.36363636363636365,0.0075652690723575005,0.41818181818181815
2688569831,E020,robust_control_aware,moderate,0.0010830889390579987,0.0049226938889498605,0.6318181818181818,0.003331495258629968,0.0009744240165327054,0.45454545454545453,0.0017144290618043695,0.43636363636363634,0.0010031040149135182,0.7272727272727273,0.0006403986629814011,0.9090909090909091
2688569831,E020,robust_control_aware,strong,0.0024613411167504536,0.009335382706779862,0.4681818181818182,0.003331495258629968,0.001444736015087329,0.38181818181818183,0.002931381483654341,0.3090909090909091,0.00220787232560142,0.509090909090909,0.0032613746426587227,0.6727272727272727
2688569831,E031,boundary_aware,moderate,0.00472218294637546,0.015313370083712904,0.2909090909090909,0.003331495258629968,0.003226810280439165,0.2727272727272727,0.0038630532146536373,0.21818181818181817,0.004221866097213997,0.34545454545454546,0.007577002193195039,0.32727272727272727
2688569831,E031,boundary_aware,strong,0.00593876899300042,0.021434774351434444,0.22727272727272727,0.003331495258629968,0.003477323107331134,0.2,0.00518379590872133,0.14545454545454545,0.004431388317660251,0.34545454545454546,0.010662568638288964,0.21818181818181817
2688569831,E031,robust_control_aware,moderate,0.0037801695003519594,0.012013804945418146,0.32727272727272727,0.003331495258629968,0.0024222773770749234,0.34545454545454546,0.003859088538872308,0.14545454545454545,0.003677542643164197,0.36363636363636365,0.0051617694422964105,0.45454545454545453
2688569831,E031,robust_control_aware,strong,0.0050338707941988275,0.015447220144577462,0.2727272727272727,0.003331495258629968,0.0033029774885520446,0.2909090909090909,0.004286161388479193,0.16363636363636364,0.004525706684669679,0.32727272727272727,0.008020637615094394,0.3090909090909091
2724652561,E020,boundary_aware,moderate,0.0028403049004485648,0.011880517427354508,0.45454545454545453,0.0034910370646041755,0.002287850273387559,0.32727272727272727,0.0021346821099118606,0.4,0.002578752421668499,0.4727272727272727,0.004359934796826344,0.6181818181818182
2724652561,E020,boundary_aware,strong,0.0047433411401171105,0.01700876049180449,0.36818181818181817,0.0034910370646041755,0.003969085793088719,0.2545454545454545,0.004034823615640572,0.36363636363636365,0.004382621959717766,0.36363636363636365,0.006586833192021388,0.4909090909090909
2724652561,E020,robust_control_aware,moderate,0.0011298471098495806,0.005534767067526531,0.6772727272727272,0.0034910370646041755,0.0011407357259255143,0.45454545454545453,0.0014226662985818632,0.5818181818181818,0.001005303923400703,0.7636363636363637,0.0009506824914902423,0.9090909090909091
2724652561,E020,robust_control_aware,strong,0.002444629360018276,0.009610622492098249,0.5318181818181819,0.0034910370646041755,0.0023768267850457683,0.38181818181818183,0.0027878777673464666,0.45454545454545453,0.0020945163373434343,0.5454545454545454,0.0025192965503374343,0.7454545454545455
2724652561,E031,boundary_aware,moderate,0.004889554939746238,0.018107300636290905,0.34545454545454546,0.0034910370646041755,0.003574777057682172,0.32727272727272727,0.004399226887180697,0.2909090909090909,0.0038443590443334582,0.43636363636363634,0.007739856769788631,0.32727272727272727
2724652561,E031,boundary_aware,strong,0.006372514010369956,0.022941396298920176,0.30454545454545456,0.0034910370646041755,0.004883028280738159,0.2727272727272727,0.005504808943037594,0.2727272727272727,0.005966673966303439,0.38181818181818183,0.009135544851400631,0.2909090909090909
2724652561,E031,robust_control_aware,moderate,0.003585047025022314,0.013179898172259789,0.40454545454545454,0.0034910370646041755,0.002969053386833287,0.2545454545454545,0.0039013827393532177,0.32727272727272727,0.003171679721102526,0.4909090909090909,0.004298072252800225,0.5454545454545454
2724652561,E031,robust_control_aware,strong,0.0052477851388803,0.02035670409516004,0.34545454545454546,0.0034910370646041755,0.004697549605122765,0.23636363636363636,0.004447869796384555,0.2909090909090909,0.004217595611157728,0.4909090909090909,0.007628125542856149,0.36363636363636365
2769739939,E020,boundary_aware,moderate,0.002561828616602541,0.01143838249086484,0.4681818181818182,0.003945405323603692,0.0016745846913607887,0.34545454545454546,0.0017087693375288707,0.43636363636363634,0.0025681332397204178,0.5272727272727272,0.004295827197800086,0.5636363636363636
2769739939,E020,boundary_aware,strong,0.00412610409421887,0.014138363755154572,0.36363636363636365,0.003945405323603692,0.00245790622025922,0.2909090909090909,0.003521749416964659,0.32727272727272727,0.003523944783423882,0.43636363636363634,0.007000815956227718,0.4
2769739939,E020,robust_control_aware,moderate,0.000929066485634707,0.006263958313330753,0.6909090909090909,0.003945405323603692,0.0009946404366731963,0.4727272727272727,0.001186877064446666,0.5454545454545454,0.0008138630023409827,0.8363636363636363,0.0007208854390779832,0.9090909090909091
2769739939,E020,robust_control_aware,strong,0.00187740224576168,0.008608855970835967,0.5590909090909091,0.003945405323603692,0.0014510793213812663,0.4,0.0016054577262148556,0.43636363636363634,0.001927180927642533,0.6363636363636364,0.0025258910078080647,0.7636363636363637
2769739939,E031,boundary_aware,moderate,0.004655249809320869,0.017304479703307115,0.3,0.003945405323603692,0.0027362591268310916,0.23636363636363636,0.002912163677734615,0.2727272727272727,0.003918096634734332,0.3090909090909091,0.009054479797983439,0.38181818181818183
2769739939,E031,boundary_aware,strong,0.006037901226571485,0.024409283563669375,0.2545454545454545,0.003945405323603692,0.0032950506708613486,0.18181818181818182,0.004074584895207827,0.2727272727272727,0.00474122908135913,0.2727272727272727,0.012040740258857631,0.2909090909090909
2769739939,E031,robust_control_aware,moderate,0.003427087319267963,0.01320256059989333,0.39090909090909093,0.003945405323603692,0.0022630633496253777,0.21818181818181817,0.002359383593643932,0.3090909090909091,0.00411852985607514,0.4,0.004967372477727403,0.6363636363636364
2769739939,E031,robust_control_aware,strong,0.004731851733914495,0.015933894272893646,0.29545454545454547,0.003945405323603692,0.0029067837618848226,0.2,0.0029054415053642213,0.2727272727272727,0.004549545504218412,0.3090909090909091,0.008565636164190525,0.4
2892619186,E020,boundary_aware,moderate,0.0025522340703327687,0.010031096623545847,0.4772727272727273,0.0037993834585507273,0.0018046801387988788,0.38181818181818183,0.0020036966681862534,0.41818181818181815,0.002791133781871466,0.45454545454545453,0.0036094256924744765,0.6545454545454545
2892619186,E020,boundary_aware,strong,0.004065385738946229,0.014001242744785609,0.38636363636363635,0.0037993834585507273,0.003760766143337488,0.2545454545454545,0.002666608363404959,0.4,0.0036534870253621733,0.38181818181818183,0.0061806814236802995,0.509090909090909
2892619186,E020,robust_control_aware,moderate,0.0010190975559555072,0.005010728486943687,0.6590909090909091,0.0037993834585507273,0.0010612181732838303,0.45454545454545453,0.0015807725770915302,0.5272727272727272,0.001220929467485265,0.6909090909090909,0.0002134700059614036,0.9636363636363636
2892619186,E020,robust_control_aware,strong,0.002768073561014619,0.011979450650687574,0.4954545454545455,0.0037993834585507273,0.0023187403727520837,0.32727272727272727,0.002657994909532839,0.4727272727272727,0.0024250199949484843,0.509090909090909,0.0036705389668250693,0.6727272727272727
2892619186,E031,boundary_aware,moderate,0.004985031056458156,0.01633588267220558,0.31363636363636366,0.0037993834585507273,0.004168992208937207,0.2727272727272727,0.004349609476178815,0.2909090909090909,0.0045983493845157914,0.2727272727272727,0.006823173156200811,0.41818181818181815
2892619186,E031,boundary_aware,strong,0.006192788582334434,0.017685933415770766,0.2727272727272727,0.0037993834585507273,0.004369648131014686,0.2909090909090909,0.005449273195831447,0.2545454545454545,0.004739735965933914,0.2909090909090909,0.01021249703655769,0.2545454545454545
2892619186,E031,robust_control_aware,moderate,0.0037514082731443027,0.014185260386851672,0.4090909090909091,0.0037993834585507273,0.0028781909075086018,0.34545454545454546,0.004842695465815298,0.2909090909090909,0.004320495849870043,0.2909090909090909,0.002964250869383268,0.7090909090909091
2892619186,E031,robust_control_aware,strong,0.005596886596461402,0.0169585227475557,0.3,0.0037993834585507273,0.0046678826097906545,0.2545454545454545,0.0052618713210231885,0.23636363636363636,0.004726669085046821,0.2727272727272727,0.007731123369984939,0.43636363636363634
2655425949,E020,boundary_aware,moderate,0.002826000892991627,0.011996116065588794,0.44545454545454544,0.0038189176561143935,0.001543389314639199,0.38181818181818183,0.003359091125776173,0.36363636363636365,0.0028220386533377322,0.43636363636363634,0.0035794844782134046,0.6
2655425949,E020,boundary_aware,strong,0.004635595278628253,0.015121762717827985,0.32272727272727275,0.0038189176561143935,0.0036745175576772655,0.23636363636363636,0.003865214173581688,0.3090909090909091,0.004299623227879376,0.34545454545454546,0.006703026155374683,0.4
2655425949,E020,robust_control_aware,moderate,0.0010400628036698733,0.004884293559007342,0.6363636363636364,0.0038189176561143935,0.0011217171109558052,0.4,0.001097488580393694,0.6,0.001470401429218497,0.6181818181818182,0.00047064409411149663,0.9272727272727272
2655425949,E020,robust_control_aware,strong,0.0022480192548007386,0.010418879450298844,0.5136363636363637,0.0038189176561143935,0.0014544657230104545,0.38181818181818183,0.0023278257486931873,0.4727272727272727,0.002112867337678219,0.509090909090909,0.0030969182098210925,0.6909090909090909
2655425949,E031,boundary_aware,moderate,0.004773509580206046,0.015368511900305727,0.2681818181818182,0.0038189176561143935,0.002809745541252079,0.2545454545454545,0.0035086896651561022,0.18181818181818182,0.004542121792106681,0.23636363636363636,0.008233481322309322,0.4
2655425949,E031,boundary_aware,strong,0.006056663283217367,0.02186192754221118,0.25,0.0038189176561143935,0.00402654340258693,0.23636363636363636,0.0039709104452855665,0.18181818181818182,0.0053391143184900285,0.23636363636363636,0.010890084966506947,0.34545454545454546
2655425949,E031,robust_control_aware,moderate,0.003902550930019701,0.01261286236614976,0.33181818181818185,0.0038189176561143935,0.002635408776481379,0.2545454545454545,0.003199283866132505,0.2545454545454545,0.00441467305441962,0.3090909090909091,0.0053608380230453,0.509090909090909
2655425949,E031,robust_control_aware,strong,0.005101658671148086,0.015664089564234002,0.2590909090909091,0.0038189176561143935,0.003394981454665052,0.23636363636363636,0.0034232824199347815,0.21818181818181817,0.00491637359990565,0.18181818181818182,0.008671997210086862,0.4
2550355338,E020,boundary_aware,moderate,0.0030681446962803577,0.011008723432771674,0.38636363636363635,0.003813830953581979,0.0021948630363344337,0.2545454545454545,0.002834662603735684,0.3090909090909091,0.0036118961141191302,0.38181818181818183,0.0036311570309321825,0.6
2550355338,E020,boundary_aware,strong,0.006147197433786574,0.02044996894331079,0.2863636363636364,0.003813830953581979,0.004218218403782239,0.18181818181818182,0.004810709672110875,0.2727272727272727,0.0058248591758335,0.2727272727272727,0.00973500248341968,0.41818181818181815
2550355338,E020,robust_control_aware,moderate,0.00128379771656466,0.006135475288717198,0.6227272727272727,0.003813830953581979,0.0008319732431447417,0.4727272727272727,0.00160674016173127,0.5454545454545454,0.0021322582319288777,0.5636363636363636,0.000564219229453751,0.9090909090909091
2550355338,E020,robust_control_aware,strong,0.004701222272478271,0.018586751244265832,0.41818181818181815,0.003813830953581979,0.0032608405326719644,0.32727272727272727,0.004161609590236219,0.36363636363636365,0.004911897719412262,0.38181818181818183,0.0064705412475926415,0.6
2550355338,E031,boundary_aware,moderate,0.005020923335768875,0.018984357547014948,0.32727272727272727,0.003813830953581979,0.002664669283574104,0.2909090909090909,0.005072020753153202,0.3090909090909091,0.00411943839982963,0.32727272727272727,0.008227564906518567,0.38181818181818183
2550355338,E031,boundary_aware,strong,0.006838791162163825,0.02573136493906849,0.2818181818181818,0.003813830953581979,0.004474325921370649,0.2545454545454545,0.00740783071376344,0.2545454545454545,0.0050227387934244664,0.2909090909090909,0.010450269220096745,0.32727272727272727
2550355338,E031,robust_control_aware,moderate,0.0037253249249581885,0.013074757150417548,0.39090909090909093,0.003813830953581979,0.003069790584889425,0.23636363636363636,0.004198599516158858,0.34545454545454546,0.003667274497512279,0.34545454545454546,0.0039656351012721915,0.6363636363636364
2550355338,E031,robust_control_aware,strong,0.0049609717954213475,0.01756740161217748,0.32727272727272727,0.003813830953581979,0.00340876655394106,0.23636363636363636,0.004883603342011551,0.3090909090909091,0.003791939312309629,0.3090909090909091,0.007759577973423152,0.45454545454545453
2819992910,E020,boundary_aware,moderate,0.002687608637493042,0.01085703233256936,0.45,0.0034888732505954085,0.001597867914867062,0.4,0.0022981145935736234,0.36363636363636365,0.003157745543615559,0.45454545454545453,0.0036967064979159248,0.5818181818181818
2819992910,E020,boundary_aware,strong,0.004159503379669232,0.0167826900617164,0.38636363636363635,0.0034888732505954085,0.002292643970446298,0.4,0.003672251454552031,0.32727272727272727,0.004703172777643068,0.36363636363636365,0.00596994531603553,0.45454545454545453
2819992910,E020,robust_control_aware,moderate,0.0011271237355670214,0.006129266743767965,0.6454545454545455,0.0034888732505954085,0.0009283998122077283,0.45454545454545453,0.0015363053768602654,0.509090909090909,0.001523787027180748,0.7090909090909091,0.0005200027260193436,0.9090909090909091
2819992910,E020,robust_control_aware,strong,0.002162818837811366,0.009781928051095424,0.5363636363636364,0.0034888732505954085,0.001281757080011459,0.45454545454545453,0.0020185056855897385,0.4727272727272727,0.0029160088561235174,0.5272727272727272,0.002435003729520749,0.6909090909090909
2819992910,E031,boundary_aware,moderate,0.004594668845469878,0.016771409738932545,0.3409090909090909,0.0034888732505954085,0.0031496921374770666,0.2909090909090909,0.003767712445299412,0.38181818181818183,0.004661035747375167,0.34545454545454546,0.006800235051727862,0.34545454545454546
2819992910,E031,boundary_aware,strong,0.005790632769538971,0.01849330310849263,0.2727272727272727,0.0034888732505954085,0.004067926784393088,0.23636363636363636,0.00470351207051027,0.3090909090909091,0.006003190219241572,0.2727272727272727,0.008387902004010957,0.2727272727272727
2819992910,E031,robust_control_aware,moderate,0.003954154403433842,0.014002654538949113,0.39090909090909093,0.0034888732505954085,0.003022249604359372,0.34545454545454546,0.0034225075820403157,0.4,0.004191604126015094,0.34545454545454546,0.00518025630132059,0.4727272727272727
2819992910,E031,robust_control_aware,strong,0.004842775518762302,0.015100587997585506,0.3181818181818182,0.0034888732505954085,0.0033865126285074123,0.3090909090909091,0.004464935369291876,0.2727272727272727,0.00457353704080144,0.34545454545454546,0.0069461170364484735,0.34545454545454546
