seed,method,mean_D,p95_D,viability_occupancy,severe_fraction,action_agreement,cumulative_task
826101762,control_aware,0.021191016626424836,0.04925352541464651,0.9525,0.0,0.515,201.30421642136076
826101762,mse,0.0223726792477675,0.052821968720732124,0.93,0.0,0.5025,201.60982151888516
88706269,control_aware,0.022446299211683937,0.05425107816978786,0.925,0.0,0.505,200.78794246962786
88706269,mse,0.023369229155365705,0.05780161346725098,0.92,0.0,0.5225,200.89608888093446
1123914361,control_aware,0.021391867165519232,0.05109481575627588,0.9475,0.0025,0.4925,202.73833712655326
1123914361,mse,0.022688454691755386,0.05533250375335759,0.935,0.0,0.5,202.5064448638002
1681658530,control_aware,0.021994752645144933,0.05339657974402752,0.93,0.0,0.4775,208.34035068188194
1681658530,mse,0.0223780110278344,0.05523909864568746,0.9275,0.0,0.5075,208.88386536427674
1294640583,control_aware,0.021560804153604264,0.05275871344580524,0.9425,0.0,0.5075,200.41029379500304
1294640583,mse,0.0239723066700253,0.05999317553414769,0.9075,0.0,0.5025,203.00697668087477
692964765,control_aware,0.022026313686509022,0.05370831417164448,0.93,0.0,0.5125,205.98674329690218
692964765,mse,0.02240806855546695,0.056319677854245145,0.915,0.0,0.5225,206.0412937376549
217731170,control_aware,0.022045625948112955,0.05347656119058006,0.9275,0.0,0.505,202.95920087057354
217731170,mse,0.0231374150117553,0.05632079064459097,0.92,0.0,0.5075,207.03685634886907
791006014,control_aware,0.022970124496391856,0.05742220021687877,0.9225,0.0,0.4725,201.5222067478174
791006014,mse,0.023201555589982076,0.05384651285253204,0.93,0.0,0.5075,201.509827305471
529637273,control_aware,0.021318312209533306,0.050637696757908746,0.9475,0.0,0.5325,203.23799689024898
529637273,mse,0.022677577512830595,0.054326093540256075,0.92,0.0,0.515,205.6722764383652
1781910839,control_aware,0.02162776293619095,0.054143738932064374,0.9325,0.0,0.5175,207.93578780844794
1781910839,mse,0.022947782107833232,0.05553255733044919,0.925,0.0,0.545,207.3654375646671
280357653,control_aware,0.021083102667398927,0.049999432228404264,0.95,0.0,0.53,205.30980889905445
280357653,mse,0.022224307865094318,0.05366697585208269,0.9275,0.0,0.4925,209.10080068430347
991786082,control_aware,0.021696232736388977,0.05113761502188959,0.9425,0.0,0.5325,199.77231943026206
991786082,mse,0.022793108664238025,0.05604433928081505,0.9275,0.0,0.49,199.82624729097483
55475422,control_aware,0.02166009079282679,0.05438584753328559,0.9325,0.0,0.4575,205.12041589259908
55475422,mse,0.02191575546546969,0.05335826635384913,0.94,0.0,0.5125,202.80353564532192
1915794536,control_aware,0.0219058169071785,0.05447664366941408,0.9225,0.0,0.525,202.3214139522371
1915794536,mse,0.022655156521150747,0.05300906322083262,0.935,0.0,0.5325,204.9475702569506
1417772135,control_aware,0.021599066148991115,0.054047106851951326,0.925,0.0,0.5175,204.5760383587757
1417772135,mse,0.0231500806100137,0.0578566179596577,0.9125,0.0,0.51,206.59031135356184
764448740,control_aware,0.02052256950652238,0.04923834294314936,0.9625,0.0,0.515,205.48302511116492
764448740,mse,0.02139991771114693,0.04831291158358292,0.955,0.0,0.5025,206.11269305253737
968395875,control_aware,0.020302602003071192,0.0496658638784381,0.95,0.0,0.53,209.67403937025503
968395875,mse,0.021517358057041268,0.05517640012445428,0.9275,0.0,0.5625,211.01136892841566
937161708,control_aware,0.020628429085343184,0.05136445745314766,0.94,0.0,0.505,203.01974656055876
937161708,mse,0.022308914966417542,0.05273703836341175,0.93,0.0,0.48,203.19553222523945
628296280,control_aware,0.02120349936250548,0.05328327843771633,0.9275,0.0,0.5,204.6732296516803
628296280,mse,0.021980552465341693,0.05405694624386671,0.9275,0.0,0.565,203.86344425031933
988177621,control_aware,0.021851749652454712,0.05579849392905158,0.935,0.0,0.5125,198.5046191158172
988177621,mse,0.022457677854975065,0.05443442932538756,0.92,0.0,0.545,198.89854703194146
1883337971,control_aware,0.02266914887668031,0.05549948628797523,0.925,0.0,0.5075,202.78449646215427
1883337971,mse,0.023003754147019537,0.055968948502031525,0.9175,0.0,0.5375,204.18414191932848
1159050931,control_aware,0.02139847218006741,0.05187016951590948,0.935,0.0,0.5475,197.2623151575571
1159050931,mse,0.022787340930127683,0.05147626435327778,0.94,0.0,0.545,198.45249471744137
324249374,control_aware,0.02177671165716304,0.054139855062015074,0.93,0.0,0.5,208.0682501761203
324249374,mse,0.021962447016965845,0.05214328240796426,0.9325,0.0,0.525,205.88318785542168
372625905,control_aware,0.022101909860999518,0.055365609073166545,0.9325,0.0,0.52,198.91131805336283
372625905,mse,0.02398284344899709,0.05803521264503714,0.91,0.0,0.5525,199.68707929228827
849150165,control_aware,0.022288209152879768,0.05510786624944016,0.935,0.0,0.5,200.0971304977355
849150165,mse,0.023208018341646083,0.05903748087677529,0.9075,0.0,0.5325,200.55117414647228
1729745072,control_aware,0.021901394578005204,0.05499264785379898,0.92,0.0,0.4825,206.07781431760756
1729745072,mse,0.022262153145647164,0.05063203736962345,0.945,0.0,0.525,202.6651456142675
174015626,control_aware,0.02086585712822269,0.04728973694913278,0.9575,0.0,0.4875,210.5487715387756
174015626,mse,0.022506262632943672,0.05541492386271526,0.9225,0.0,0.4675,210.10901797159022
1954316548,control_aware,0.023157817739282615,0.05860072228638393,0.9125,0.0,0.48,203.17168238495
1954316548,mse,0.022946583579167668,0.05686551346266434,0.925,0.0,0.5375,203.31603953375924
1230344216,control_aware,0.021021903757886307,0.05158517806275412,0.935,0.0,0.5175,204.0944785747383
1230344216,mse,0.02244708345129912,0.055092803836897256,0.9175,0.0,0.55,204.92797946946416
1279738591,control_aware,0.021558612675430845,0.053578628271879494,0.9325,0.0,0.49,206.22790941903608
1279738591,mse,0.02222381634428121,0.05659955986232159,0.9325,0.0,0.5175,204.82824138313467
586651730,control_aware,0.022583806591903267,0.05583242794603917,0.9275,0.0,0.4825,208.04748095915295
586651730,mse,0.023102962361000085,0.05733940392756951,0.9225,0.0,0.525,207.50342256933743
1276865964,control_aware,0.021524674047962166,0.051164421313922584,0.9425,0.0,0.4975,204.66141419448047
1276865964,mse,0.022102187733182996,0.051588314995425134,0.94,0.0,0.5525,204.98895643964806
822443271,control_aware,0.021962329970659392,0.05411266168183047,0.93,0.0,0.4975,202.9774952850173
822443271,mse,0.02253743546361618,0.053923644291823745,0.9375,0.0,0.535,201.79833455604097
789175025,control_aware,0.021563297217039753,0.04746558987924691,0.9525,0.0,0.4975,203.71720318497734
789175025,mse,0.022755465574263632,0.05714100347857547,0.9125,0.0,0.52,206.43494643912481
20100105,control_aware,0.02076011957213022,0.051943613414512285,0.9375,0.0,0.5225,203.39233629022868
20100105,mse,0.021525998664177745,0.0529376202329568,0.93,0.0,0.49,203.31721460044176
1085230552,control_aware,0.022287854598250317,0.05525477319169244,0.93,0.0,0.4875,207.34255927474067
1085230552,mse,0.022852815636945075,0.05695655794520825,0.9175,0.0,0.5575,202.4513749543303
1624362658,control_aware,0.021949897709439288,0.05107944093537083,0.9375,0.0,0.4775,208.2073481867603
1624362658,mse,0.02284704979228861,0.05615405541812133,0.9225,0.0,0.5525,205.10858680373667
347344115,control_aware,0.021290888181240922,0.0515331150373608,0.935,0.0,0.5025,207.57035221536054
347344115,mse,0.0226269258003992,0.057044786228200105,0.9125,0.0,0.555,207.97421456850864
312356725,control_aware,0.020488406033286402,0.04901995398599107,0.955,0.0,0.545,202.8575423755336
312356725,mse,0.022462811594041864,0.053836521798989595,0.935,0.0,0.495,201.6030620809251
861444438,control_aware,0.021660348868425654,0.04960217655535421,0.95,0.0,0.5125,201.8849719083614
861444438,mse,0.022663006198767634,0.056084996068534745,0.9375,0.0,0.5325,203.83778483978068
451615936,control_aware,0.021436596602659952,0.052344994546468904,0.9325,0.0,0.51,208.11778205588587
451615936,mse,0.022046412148220923,0.052721900721769056,0.9425,0.0,0.515,206.78457512706
364627971,control_aware,0.020821199024295214,0.050155152786508304,0.9475,0.0,0.4925,204.47722714261016
364627971,mse,0.021106393814567116,0.04822797790620035,0.95,0.0,0.535,204.12287146284567
1066210165,control_aware,0.02229477005349076,0.052297956614532286,0.9375,0.0,0.4675,206.59149719839604
1066210165,mse,0.02230945727868705,0.05504827125048316,0.9275,0.0,0.505,207.1474452646043
526140442,control_aware,0.022742294875295846,0.05516072640706254,0.9225,0.0,0.4775,199.3972284867712
526140442,mse,0.02380434807925087,0.05902119787849196,0.9075,0.0025,0.535,203.9157959493768
695473956,control_aware,0.02228670710758337,0.05710409216139641,0.9325,0.0,0.5225,205.64810214083496
695473956,mse,0.022235546162522137,0.05538627389933424,0.9325,0.0,0.5325,206.12142037231692
318877659,control_aware,0.021597917432577135,0.05090311055120515,0.9425,0.0,0.5025,203.34274869760725
318877659,mse,0.023167663096658332,0.05638090991934727,0.9275,0.0,0.515,202.33723063162142
1094219417,control_aware,0.021842912257053947,0.05369703974620319,0.9275,0.0,0.5075,207.2404584118594
1094219417,mse,0.023300143424966103,0.05569219112738229,0.92,0.0,0.515,205.87805057284885
879352487,control_aware,0.021398040343999565,0.05352032053483831,0.9225,0.0,0.5,206.0431938497692
879352487,mse,0.023222092296306167,0.0585120924121146,0.9125,0.0,0.5225,208.69886951352225
398454263,control_aware,0.02177629194225851,0.05454428927465026,0.9275,0.0,0.5275,202.76571741121393
398454263,mse,0.022528169329347075,0.05525338804513533,0.9325,0.0,0.53,204.31555431339726
784192818,control_aware,0.02075969264363791,0.05058100089207116,0.9475,0.0,0.56,205.03413753419022
784192818,mse,0.023204597573264145,0.059415141634087947,0.91,0.0,0.4675,205.80846832496167
1046211621,control_aware,0.021017855235697228,0.05239302265169783,0.9325,0.0,0.505,208.46794510865715
1046211621,mse,0.02114200131086653,0.05068500975210221,0.9375,0.0,0.5725,205.2178397567111
210954659,control_aware,0.02139004031604451,0.05255702390803146,0.935,0.0,0.525,202.9246788264012
210954659,mse,0.022750998011897693,0.05437106620246735,0.93,0.0,0.5325,203.35012906162524
924011995,control_aware,0.020718486875675204,0.05231628537008599,0.9425,0.0,0.54,204.53304408313784
924011995,mse,0.022287309399645686,0.05506079892563685,0.9275,0.0,0.52,207.05519094596133
1569944101,control_aware,0.022076794901146515,0.055079623348547074,0.9175,0.0,0.48,204.4854026031748
1569944101,mse,0.022921905855420165,0.05411896881908224,0.9275,0.0,0.5075,202.95642573405436
34530379,control_aware,0.022179122441862563,0.05454854031741665,0.9225,0.0,0.4925,204.10761934968804
34530379,mse,0.023280379034774742,0.05619358196542716,0.92,0.0,0.5475,203.04614574584127
1189536803,control_aware,0.020704980141932214,0.0489953514564668,0.9525,0.0,0.5175,204.08287649258682
1189536803,mse,0.02203034817817765,0.0534067874076219,0.93,0.0,0.5325,203.51984508147402
154654513,control_aware,0.021518623435213442,0.05530054703471098,0.9325,0.0,0.4975,203.18493159531255
154654513,mse,0.022771429585029992,0.053372047366162335,0.935,0.0,0.5375,202.45722733571367
1186748899,control_aware,0.022090066167930727,0.05309463027861605,0.9325,0.0,0.51,205.10939898557646
1186748899,mse,0.022546199821514786,0.05605957502351636,0.915,0.0,0.5125,202.8295496497966
308475090,control_aware,0.02166523627214953,0.05188273652019612,0.945,0.0,0.4925,200.40149209981706
308475090,mse,0.02306699398211647,0.055892159922863505,0.9175,0.0,0.5575,200.53996943278503
213098712,control_aware,0.021934265837018904,0.053175901371847724,0.935,0.0,0.4925,203.53941644121883
213098712,mse,0.022975349764795892,0.05473418743936616,0.9325,0.0,0.52,204.42072808794052
1245982552,control_aware,0.023868326525012393,0.05604630388490366,0.9225,0.0,0.455,201.85413210220824
1245982552,mse,0.024327040578950698,0.05630135222271669,0.91,0.0025,0.4875,203.47726143726914
1357267527,control_aware,0.02124313527029284,0.05072975161856073,0.945,0.0,0.4925,202.38396113964205
1357267527,mse,0.021671701254550646,0.052847263908134046,0.9375,0.0,0.55,203.6325483083995
618033463,control_aware,0.02231292741405623,0.05531945724728889,0.93,0.0,0.4975,198.63984130302532
618033463,mse,0.024188651676077408,0.059916552930082384,0.8975,0.0,0.5275,200.11089843432458
1140963883,control_aware,0.02103785756005172,0.050914794948279066,0.94,0.0,0.5075,204.5581013719486
1140963883,mse,0.022924249433352695,0.05826338351426715,0.925,0.0,0.535,204.8656844123886
160725159,control_aware,0.02218253023428482,0.053379642040524575,0.9325,0.0,0.5125,199.23128309746468
160725159,mse,0.02256850222381155,0.05431656699958197,0.9325,0.0,0.5525,198.5360661753832
233590814,control_aware,0.02225029926332021,0.055065714079810056,0.9325,0.0,0.495,204.9705002105901
233590814,mse,0.022536260046335507,0.05274181793511789,0.935,0.0,0.515,205.52770960697262
422435281,control_aware,0.021825208711537994,0.05642659197979342,0.92,0.0,0.5,204.82737621839755
422435281,mse,0.0234128465576529,0.05756743760144821,0.9175,0.0,0.525,203.33954314075834
1930269405,control_aware,0.022694734440862358,0.05380689473153418,0.935,0.0,0.4675,204.4343533971437
1930269405,mse,0.024158332516998504,0.061217795544373406,0.9025,0.0,0.4925,205.66791118252272
1467373226,control_aware,0.021603856311465733,0.0533661619947655,0.9375,0.0,0.515,204.77832830875025
1467373226,mse,0.022974872142499717,0.05660797512691346,0.9225,0.0,0.5375,205.01043071958378
1251018961,control_aware,0.02128946903836094,0.055190284952810295,0.9325,0.0,0.4925,211.11917312053936
1251018961,mse,0.021605830858068373,0.0520406410084676,0.9325,0.0,0.47,209.57376875225032
41281430,control_aware,0.021166850301712038,0.05185896256922244,0.94,0.0,0.48,211.13628787059517
41281430,mse,0.021474640713426224,0.05317732103227159,0.9325,0.0,0.5525,209.63757683771357
545828479,control_aware,0.021052832772016198,0.052495251944878626,0.9375,0.0,0.4825,204.07467447307567
545828479,mse,0.02172312420916942,0.052020986540391466,0.935,0.0,0.54,207.00947084000023
1955614470,control_aware,0.02192279605027681,0.05281174437664319,0.935,0.0,0.5075,197.731897937064
1955614470,mse,0.02353616696653381,0.05685983275584924,0.9225,0.0,0.54,198.28698966274717
157692879,control_aware,0.021457648533035174,0.054461164879211994,0.9375,0.0,0.5,209.4248172647193
157692879,mse,0.02293066581666211,0.05794689093235326,0.9175,0.0,0.53,209.38813254601735
518339255,control_aware,0.02194791250114985,0.05384748835110333,0.9325,0.0,0.4825,201.7112242068913
518339255,mse,0.022409607807939033,0.05439463642638431,0.93,0.0,0.5125,196.81625583601544
1486440433,control_aware,0.021052047178055533,0.05021350051644188,0.9475,0.0,0.4825,210.14673767055416
1486440433,mse,0.022453061188327697,0.053563755778753275,0.93,0.0,0.4875,214.50668478542
1747933378,control_aware,0.021689742785631242,0.048926946668858225,0.95,0.0,0.5425,195.09221746465516
1747933378,mse,0.023165773512726688,0.057275646087049395,0.92,0.0,0.5425,196.13116799074763
1418466092,control_aware,0.02161619528433489,0.052440548545963236,0.9425,0.0,0.535,207.17165556880906
1418466092,mse,0.022759769776670286,0.05632833992231293,0.9175,0.0,0.515,205.4300799357644
1624805152,control_aware,0.022276792380011984,0.05255500968809174,0.9375,0.0,0.475,203.7718700215343
1624805152,mse,0.02240789085511569,0.05226579481667454,0.9375,0.0,0.5175,200.55720486231004
1375966000,control_aware,0.02217406712459857,0.053919048344083044,0.9275,0.0,0.4825,202.24787990244107
1375966000,mse,0.022963929513480662,0.05517675865529738,0.9225,0.0,0.5275,201.14840258488096
1687551834,control_aware,0.02223688476151441,0.05595929645853237,0.925,0.0,0.5275,205.8022775762436
1687551834,mse,0.022357813192074624,0.054776119122403044,0.935,0.0,0.5025,206.2325565885801
531449467,control_aware,0.02080337019731579,0.0505843433504798,0.9425,0.0,0.5,204.69502749535332
531449467,mse,0.022670115046839488,0.05526442143523696,0.9375,0.0,0.48,206.00921358645536
918088976,control_aware,0.022157618507813625,0.056388990522831445,0.915,0.0,0.455,206.80016833698346
918088976,mse,0.021905472233595305,0.054488243016079574,0.94,0.0,0.4925,204.53150708070996
781073890,control_aware,0.020713634775212538,0.04857343250683662,0.9525,0.0,0.53,207.29996279881678
781073890,mse,0.02172929930798911,0.0504125101796816,0.9475,0.0,0.5025,205.51440682108472
1817826113,control_aware,0.02247253073557423,0.05444413797880566,0.93,0.0,0.495,197.23219503718641
1817826113,mse,0.023473016320467405,0.0584505232027683,0.9225,0.0,0.5425,197.06605773781894
1923718209,control_aware,0.021516819506728152,0.051097601257723224,0.94,0.0,0.4925,203.49992582801698
1923718209,mse,0.022155759059964232,0.05203363142615689,0.9375,0.0,0.55,201.96378381224815
584493222,control_aware,0.02159342149768715,0.052012072570280427,0.94,0.0,0.5175,204.80544226846345
584493222,mse,0.022451285623812343,0.05518761885252067,0.9325,0.0,0.5525,202.76564987273383
954794345,control_aware,0.021552261753921977,0.054459217163371404,0.9325,0.0,0.48,204.0993131978358
954794345,mse,0.022284429947902966,0.054462292110000074,0.935,0.0,0.5025,206.41955276856675
1109085272,control_aware,0.02232431086643376,0.05654045192926865,0.9125,0.0,0.5375,200.134497835022
1109085272,mse,0.023039003418304716,0.055011021348117896,0.9325,0.0,0.5075,198.16265329962033
825284871,control_aware,0.02255885250083753,0.05475181151220289,0.9225,0.0,0.4925,198.30680083509785
825284871,mse,0.023224184392261576,0.055065237835852106,0.925,0.0025,0.52,198.61125353912564
1645729774,control_aware,0.02189254110720112,0.05294625470872192,0.935,0.0,0.505,203.41063372984402
1645729774,mse,0.02179460102154968,0.05452737758389408,0.9275,0.0,0.555,201.5499093593108
34563576,control_aware,0.02285553339971355,0.05875252517992135,0.9175,0.0,0.5175,202.95414713672903
34563576,mse,0.023224454412344126,0.05252181933228694,0.925,0.0,0.515,203.7407917670686
1142149615,control_aware,0.0221951297453062,0.051930586580172224,0.93,0.0,0.48,203.91314669054907
1142149615,mse,0.022580249259572378,0.053722351266380336,0.9275,0.0,0.5225,203.17715972331064
950382055,control_aware,0.022218074065443343,0.05727391387373851,0.9275,0.0,0.52,202.39010515574716
950382055,mse,0.023326683441358406,0.05784767479840025,0.9125,0.0,0.5375,200.97250263456144
428740973,control_aware,0.021308348071135387,0.050764262325580144,0.9425,0.0,0.4875,206.83074890131664
428740973,mse,0.022443842050173694,0.05839781664107831,0.92,0.0,0.495,208.3186229380036
768890311,control_aware,0.021225509974531532,0.0546917572350986,0.935,0.0,0.4875,205.45930889914547
768890311,mse,0.021681091747347007,0.05076908375021887,0.9475,0.0,0.5175,206.39919071174498
1547818626,control_aware,0.021437582990763895,0.052015185728062935,0.9475,0.0,0.4975,203.7022991718494
1547818626,mse,0.022690754445504932,0.05437046965315434,0.9375,0.0,0.5575,203.12362632052628
1854365277,control_aware,0.02076178943298644,0.049382274703481645,0.9575,0.0,0.495,207.658644548508
1854365277,mse,0.023156593683184405,0.053964245756244096,0.9275,0.0,0.5125,207.38578958715664
1222441384,control_aware,0.021996217671254276,0.05137067042918592,0.9425,0.0,0.4975,202.57993761011804
1222441384,mse,0.02335171900050516,0.05720063866207072,0.9275,0.0,0.5025,204.58707424011624
878440171,control_aware,0.022395808620046472,0.05390263453971368,0.9175,0.0,0.5525,194.9438760062494
878440171,mse,0.024310597397618778,0.06298862096142664,0.9075,0.0,0.5475,195.52673535728104
736194822,control_aware,0.02232545748520355,0.05536011545636642,0.925,0.0,0.49,203.40650079070812
736194822,mse,0.02234948789898824,0.05403233064186387,0.9325,0.0,0.54,202.72047173325316
1766423682,control_aware,0.021041763137560992,0.051085491318936395,0.945,0.0,0.515,199.81950561550605
1766423682,mse,0.022446202904933408,0.05314680070938225,0.9325,0.0,0.5575,200.72969817837748
1488279783,control_aware,0.02130462836271425,0.05360361547225678,0.9425,0.0,0.505,208.68733716894636
1488279783,mse,0.021633534476286003,0.05161212463402227,0.9375,0.0,0.53,206.98052532277472
685639645,control_aware,0.021679519810560027,0.053346179854485726,0.9275,0.0,0.5125,203.8085445972414
685639645,mse,0.0233634256129854,0.056721821626494986,0.925,0.0,0.505,201.57962401701855
962742503,control_aware,0.02226808450741731,0.05559254834314157,0.9275,0.0,0.5025,203.14857238773845
962742503,mse,0.02374792158017077,0.060316571123077804,0.91,0.0,0.5625,204.86996454886406
869745058,control_aware,0.022672296817446938,0.053929805396596316,0.925,0.0,0.49,200.06588255713635
869745058,mse,0.022204654375933636,0.05383333687968244,0.93,0.0,0.525,201.61036943045073
1315992231,control_aware,0.02140034747491401,0.04937240079879748,0.9575,0.0,0.4875,205.20910013930714
1315992231,mse,0.02170888441079724,0.054405962460173644,0.9275,0.0,0.5375,205.81911217487612
941073737,control_aware,0.020644294135355953,0.05036047896131368,0.945,0.0,0.5425,203.88387798121482
941073737,mse,0.022040849288639138,0.052010673214240494,0.94,0.0,0.525,204.0437880706889
1411404277,control_aware,0.022037934694967076,0.056541853475359616,0.935,0.0,0.535,202.97351605902844
1411404277,mse,0.022828540654483635,0.05606438742986057,0.925,0.0,0.57,203.29533991717523
1469351291,control_aware,0.02212387438369928,0.054881682658080126,0.925,0.0,0.5425,196.21734599107782
1469351291,mse,0.022162871613697965,0.05325157583241846,0.9375,0.0,0.5275,196.11028063493384
308606681,control_aware,0.02291486317794089,0.05457860317390029,0.9225,0.0,0.4525,201.98916537834157
308606681,mse,0.023242590739634295,0.0549950169846672,0.9225,0.0,0.5125,202.88576956550799
260736158,control_aware,0.021522653680662113,0.0521691191687968,0.94,0.0,0.48,203.95729581405286
260736158,mse,0.02187953479888511,0.05309971907730503,0.935,0.0,0.56,202.3218084496922
743678570,control_aware,0.021743761485250656,0.05300896149363002,0.94,0.0,0.4925,205.5095291451983
743678570,mse,0.022380031484220207,0.05383499810599123,0.93,0.0,0.545,207.020885738775
365554257,control_aware,0.022093833793054313,0.05390739089950796,0.9325,0.0,0.54,201.141041120757
365554257,mse,0.02331331004832209,0.055149968042457254,0.9275,0.0,0.5075,202.73473562363017
1500137520,control_aware,0.021909794684812932,0.05354556641666442,0.935,0.0,0.4975,201.84871074419522
1500137520,mse,0.02307252916911621,0.0565094179442286,0.92,0.0,0.5375,201.85482478501257
1212157452,control_aware,0.021803527786759203,0.0491370648289842,0.95,0.0,0.515,207.72409290723263
1212157452,mse,0.022730100578971645,0.055382274658492256,0.925,0.0,0.505,208.10924004681772
1978800389,control_aware,0.02135085189232588,0.04960842315957168,0.9525,0.0,0.4475,210.6025939446477
1978800389,mse,0.0221357930184452,0.055665346978913184,0.9275,0.0,0.4875,211.07756832839834
1789435814,control_aware,0.02263665923796946,0.05470328052718858,0.9225,0.0,0.4925,197.29256504410517
1789435814,mse,0.024226139453425242,0.06028952401924689,0.9,0.0,0.5425,197.0680179367656
855969822,control_aware,0.0223466847009053,0.055657264251469246,0.925,0.0,0.5375,197.4919924388051
855969822,mse,0.023537797912861463,0.056582295917099935,0.9125,0.0,0.5125,197.35286345592613
980066881,control_aware,0.02173999316398185,0.05274403681031767,0.9425,0.0,0.49,204.17032780473414
980066881,mse,0.022839510021120252,0.05583778722345786,0.935,0.0,0.515,202.31426699210283
1124943942,control_aware,0.02247363368507754,0.05389919947616352,0.9275,0.0,0.4875,198.57479298058814
1124943942,mse,0.023833956670495836,0.057386001900355324,0.9175,0.0,0.495,201.5263201505697
662413080,control_aware,0.021118439841246537,0.05295796169204796,0.94,0.0,0.5275,207.71411954316483
662413080,mse,0.022202073704610664,0.056293511252710086,0.9125,0.0,0.535,213.2088353176981
662868457,control_aware,0.022186988334249366,0.05227688203577231,0.93,0.0,0.49,199.76742489648615
662868457,mse,0.022848842073569412,0.05755412778213728,0.9125,0.0,0.4925,200.0105968998363
1749945741,control_aware,0.021142030676832207,0.05028346133434695,0.945,0.0,0.4725,210.39953272890705
1749945741,mse,0.02215973308321413,0.054980198955194466,0.935,0.0,0.5175,211.16905359575338
1241452385,control_aware,0.022032315179118425,0.052865166703193314,0.925,0.0,0.5275,204.23633420307735
1241452385,mse,0.02250876909605023,0.05575377282941678,0.9175,0.0,0.5525,203.31405606545968
72639054,control_aware,0.021896836621646622,0.05433826665210631,0.9225,0.0,0.5125,204.34739888605648
72639054,mse,0.023001933841351692,0.056857193624852816,0.9175,0.0,0.5625,202.4891813799514
1183329859,control_aware,0.022381571624258276,0.05626358821018887,0.9225,0.0,0.5,203.90862715916714
1183329859,mse,0.023384559414958418,0.05708680007234369,0.91,0.0,0.4875,203.26494793428537
744811250,control_aware,0.021364075964611855,0.05317199696906106,0.935,0.0,0.51,205.30855477556838
744811250,mse,0.022376498967680226,0.05169758442599639,0.9325,0.0,0.5475,204.00505422732033
1735719926,control_aware,0.021458744729954394,0.05425263034695104,0.93,0.0,0.4975,205.10855144890826
1735719926,mse,0.023120877689702998,0.05504656920550309,0.925,0.0,0.4775,205.8057585590958
338634011,control_aware,0.021655289671914726,0.05378724456545027,0.9325,0.0,0.53,199.07288988551954
338634011,mse,0.023210250317548854,0.05719494653540781,0.925,0.0,0.515,200.5975593093903
1777327961,control_aware,0.02219677696696791,0.05349903674357935,0.9175,0.0,0.53,200.8823503753426
1777327961,mse,0.022605440048194588,0.05271109284164598,0.915,0.0,0.525,202.35842511842958
1722711439,control_aware,0.02206020104257843,0.05472122661570424,0.915,0.0,0.4925,200.9004745347395
1722711439,mse,0.022699525452124957,0.06089843397421929,0.9125,0.0,0.5475,200.36479309578007
1675116625,control_aware,0.020760273251004255,0.050074742102813874,0.9475,0.0,0.56,206.72163086581622
1675116625,mse,0.021936478996289685,0.055688265921258084,0.92,0.0,0.5225,208.6461988246179
1194826469,control_aware,0.02119183331334882,0.050327952069360186,0.945,0.0,0.505,205.53542118757173
1194826469,mse,0.02217271116627801,0.05350516996891405,0.935,0.0,0.5075,205.47260424557942
274400783,control_aware,0.021812454945899812,0.053917776041017565,0.9375,0.0,0.46,206.50960573033134
274400783,mse,0.022396176581467486,0.05193023312996204,0.94,0.0,0.4875,206.85721129318802
971057595,control_aware,0.02183740906766017,0.05081708276898733,0.945,0.0,0.505,203.01710099846633
971057595,mse,0.022410020054396775,0.053405832365110734,0.93,0.0,0.57,202.8832598562609
1428282260,control_aware,0.022608364848296536,0.0556152369007607,0.92,0.0,0.52,199.29112679453326
1428282260,mse,0.02329113497598536,0.059515129140479066,0.9175,0.0,0.5275,196.828911911633
364046139,control_aware,0.02163148777514139,0.053418685362748575,0.9275,0.0,0.5,209.7945381206622
364046139,mse,0.02251756821797766,0.05722916352168793,0.9125,0.0,0.5275,211.40001225951568
1740615999,control_aware,0.022024441195252376,0.053625951470770664,0.9275,0.0,0.5425,207.82442077872355
1740615999,mse,0.02265938244307812,0.05446626031547722,0.9325,0.0,0.5425,208.35852113944364
1146998008,control_aware,0.021814645402090094,0.0523003173676045,0.9425,0.0,0.485,206.52909903117433
1146998008,mse,0.022650532091065115,0.056597234633791745,0.9225,0.0,0.5175,206.41003860569387
1413671675,control_aware,0.022219496532476516,0.05653912747479459,0.925,0.0,0.555,204.40944474768753
1413671675,mse,0.022887916345605566,0.05795307217522004,0.915,0.0,0.5425,202.83920234922562
693290162,control_aware,0.020914249290304637,0.052404011164513736,0.9425,0.0,0.5175,207.74116952192975
693290162,mse,0.021911685492741913,0.05289018508859538,0.93,0.0,0.545,208.77878708161163
1399254090,control_aware,0.021262631491043304,0.053612498749977075,0.93,0.0,0.5075,205.56056483933784
1399254090,mse,0.02334074506144357,0.058455027892267176,0.91,0.0,0.49,205.77557765521794
1062388642,control_aware,0.021809054872237478,0.05391417494587667,0.9275,0.0,0.52,199.47460992864274
1062388642,mse,0.02221150760504679,0.05411838716100927,0.925,0.0,0.5275,197.9128185118255
1260009693,control_aware,0.022834635606739075,0.055312868276324326,0.9025,0.0,0.475,201.15638837017602
1260009693,mse,0.0234876568915224,0.057690141014969235,0.9225,0.0,0.53,200.29526376159896
228660172,control_aware,0.02155403376382895,0.051139121976326606,0.9475,0.0,0.45,202.81929827669154
228660172,mse,0.02214753499075389,0.053358948606544755,0.9375,0.0,0.5075,203.68697780306647
741642406,control_aware,0.02108236072542292,0.051831936944104935,0.9425,0.0,0.555,205.67518114309613
741642406,mse,0.022741175792692463,0.05558254649386901,0.9325,0.0,0.5075,203.3002575913568
255962401,control_aware,0.021105085196174284,0.05099994446221492,0.9425,0.0,0.525,201.35665329483004
255962401,mse,0.02320780079279058,0.05959533894276234,0.9225,0.0,0.5325,204.12050395133434
1808828190,control_aware,0.022185955788314286,0.052390236898304805,0.9375,0.0,0.4625,206.15961424047825
1808828190,mse,0.022376777122581383,0.050343905921911604,0.945,0.0,0.53,203.2667909708097
1734997349,control_aware,0.021213479669520606,0.051712520490062815,0.945,0.0,0.53,200.6919552670828
1734997349,mse,0.023195214194158868,0.05446121842637724,0.9275,0.0,0.5,201.64035688696984
63629299,control_aware,0.022167230505937982,0.050202687985933726,0.945,0.0,0.5,205.19717812728913
63629299,mse,0.02280869142109651,0.05279160117532261,0.94,0.0,0.515,204.26668493981794
1777989688,control_aware,0.022163961400006444,0.052992112389661644,0.935,0.0,0.47,206.84306217735795
1777989688,mse,0.022310807179873705,0.05307328503108771,0.9275,0.0,0.5275,207.11903444818554
936857442,control_aware,0.022358078406882916,0.05310426339907922,0.9325,0.0,0.5075,201.48886233560555
936857442,mse,0.02269268830690961,0.056682582493171055,0.925,0.0,0.5725,201.1722605587119
1741320664,control_aware,0.0215672362740559,0.05482998430398111,0.93,0.0,0.495,203.77726317241562
1741320664,mse,0.021945565444931838,0.05032355023487543,0.9475,0.0,0.52,203.51333223154307
431991862,control_aware,0.021177901251671988,0.05130732514563518,0.9475,0.0,0.51,202.15526200738373
431991862,mse,0.022424000280572624,0.05581513941935727,0.93,0.0,0.5175,202.50703867231476
208727478,control_aware,0.021097462206551038,0.05404252624043184,0.9325,0.0,0.525,202.6815765926528
208727478,mse,0.022482607563895557,0.05561311889911351,0.925,0.0,0.5075,205.19618869229703
307193744,control_aware,0.0215656924640904,0.05208851453378735,0.9425,0.0,0.5225,203.66380981171432
307193744,mse,0.02326908731146818,0.0568550014745021,0.9225,0.0,0.4925,205.81919197373003
1345623884,control_aware,0.02122399294515288,0.05203746550539264,0.94,0.0,0.5,204.66569160186694
1345623884,mse,0.022203532420293513,0.054560396170919775,0.9275,0.0,0.515,204.2914690926802
871931230,control_aware,0.020346556676142234,0.05001418689370304,0.95,0.0,0.505,206.32938687465088
871931230,mse,0.022398880574907114,0.058386477119002175,0.92,0.0,0.535,209.18262476351615
573863892,control_aware,0.021221856969619132,0.05205150602690032,0.9425,0.0,0.505,201.9494282284362
573863892,mse,0.022154705625267182,0.05254152173893662,0.9325,0.0,0.5025,199.79539748265125
331462518,control_aware,0.021703808866687532,0.05319484117092965,0.93,0.0,0.5175,203.4699689636991
331462518,mse,0.022360818099175096,0.05437859154711724,0.9275,0.0,0.5125,204.9594732653955
1033269901,control_aware,0.0215638098301201,0.0518065894046318,0.9425,0.0,0.5375,205.87289138054462
1033269901,mse,0.023236952661581586,0.05509957854411526,0.92,0.0,0.5025,204.16686183248498
1504669754,control_aware,0.02110210322147248,0.05147666071801873,0.94,0.0,0.52,201.7397217381219
1504669754,mse,0.022616076115124627,0.054404412974285936,0.9425,0.0,0.4925,203.63846208717422
371063617,control_aware,0.02168647492142469,0.051826837704840846,0.9375,0.0,0.49,203.47845881850398
371063617,mse,0.023194773659342516,0.05576783847174926,0.9225,0.0,0.495,204.57858318248873
555220982,control_aware,0.02262245044342821,0.056343838427946914,0.9275,0.0,0.53,199.865332267827
555220982,mse,0.02325783441842928,0.05691576804251131,0.9225,0.0,0.51,202.8812974577126
1973098020,control_aware,0.02158127943837105,0.05216719964011221,0.9375,0.0,0.4975,201.6403247729729
1973098020,mse,0.022266858656437946,0.05203181693167626,0.93,0.0,0.5425,200.08791108784723
319697365,control_aware,0.021753642644104697,0.05374174879723867,0.93,0.0,0.5075,203.8797003711161
319697365,mse,0.022182709897854112,0.05613906870701892,0.9275,0.0,0.545,204.09664818157853
1957665329,control_aware,0.021586907411934596,0.053561609497475474,0.935,0.0,0.4775,204.84221362517917
1957665329,mse,0.02169376651814562,0.05118479406693188,0.945,0.0,0.5075,202.25889239670738
1705711115,control_aware,0.02214273952223386,0.054865802661953546,0.9175,0.0,0.515,205.84635703038919
1705711115,mse,0.021873899851612148,0.05450608900687747,0.925,0.0,0.5275,205.451809473325
1601910288,control_aware,0.02168058426390995,0.05178127577568295,0.9425,0.0,0.5025,201.94349673375842
1601910288,mse,0.022060461585941063,0.05235665803432378,0.94,0.0,0.51,199.3229346106387
183837943,control_aware,0.020892047600549836,0.048334460470384144,0.9575,0.0,0.535,204.2623733633465
183837943,mse,0.02168412730092059,0.05114828210982775,0.9375,0.0,0.525,204.1806399296557
265393696,control_aware,0.021429923091906725,0.055534234717786644,0.9275,0.0,0.515,196.66793266585668
265393696,mse,0.022586231748326552,0.05699549743018659,0.91,0.0,0.5125,200.15283452557316
484570007,control_aware,0.022003056430256542,0.05478225414596941,0.9275,0.0,0.4925,206.3432660375833
484570007,mse,0.022724628882545988,0.05583485166690007,0.935,0.0,0.54,203.03407797756662
548755135,control_aware,0.020523642204016812,0.04856794854421781,0.955,0.0,0.515,198.1375535833597
548755135,mse,0.02210157218882218,0.05295924387218903,0.93,0.0,0.525,200.5940849428816
1114666717,control_aware,0.0215151794596772,0.053632708652482236,0.93,0.0,0.475,204.1977779967212
1114666717,mse,0.022621936401650496,0.0561180601204819,0.925,0.0,0.535,204.90483174467062
566066840,control_aware,0.022677269222629057,0.05679300256777264,0.9175,0.0,0.4975,200.77578697341144
566066840,mse,0.022712201848301014,0.05563720020818332,0.92,0.0,0.5325,202.3094324942067
166282201,control_aware,0.02183526724779921,0.05427570312996478,0.9275,0.0,0.4725,204.82349787315414
166282201,mse,0.022860575720529575,0.05543202245330015,0.9275,0.0,0.54,203.58855742768625
518680880,control_aware,0.021111672982379287,0.051867227680408384,0.9325,0.0,0.465,213.0207447835933
518680880,mse,0.02127911882603741,0.052620159599282734,0.9425,0.0,0.5275,209.3876970296346
643483619,control_aware,0.021430285353388184,0.05261785587942924,0.935,0.0,0.5175,204.03849875792247
643483619,mse,0.022937890478392214,0.053559594843755824,0.935,0.0,0.5375,205.61043632705213
1536039467,control_aware,0.02216037612701757,0.05586409861284381,0.9225,0.0,0.515,206.7249749404055
1536039467,mse,0.02257479708010465,0.05497421540745887,0.9325,0.0,0.515,205.28231865142925
246365888,control_aware,0.02178587657542563,0.051715694552661014,0.94,0.0,0.5075,200.8023221038548
246365888,mse,0.022542772588601104,0.05551105846928996,0.9275,0.0,0.54,201.7587837263212
1528942666,control_aware,0.021676642955485756,0.053005201984370136,0.9425,0.0,0.4725,206.9286386234977
1528942666,mse,0.021956014006158958,0.054239835976172136,0.935,0.0,0.5475,206.62145691095074
342446918,control_aware,0.021054937363890004,0.05182037578267067,0.935,0.0,0.54,201.98465428939897
342446918,mse,0.02275244109717492,0.0539086555395573,0.915,0.0,0.5125,206.23218417625526
1458872090,control_aware,0.022194754131892935,0.05588986962691892,0.935,0.0,0.5225,198.96148724417046
1458872090,mse,0.024114346126223162,0.06140358835161204,0.89,0.0,0.525,201.062485245091
1752827889,control_aware,0.021030146905573907,0.049056008534145865,0.96,0.0,0.5075,206.1877570811099
1752827889,mse,0.022300085118915833,0.052856900478101605,0.9425,0.0,0.5175,207.45966281487387
450915004,control_aware,0.022134794667931574,0.05203198680788189,0.9375,0.0,0.525,195.4121541046373
450915004,mse,0.02308580113252816,0.052192926164784326,0.935,0.0,0.5125,195.51848211819612
1807906862,control_aware,0.021430882262842267,0.05274041459844778,0.9375,0.0,0.5325,196.75597431083477
1807906862,mse,0.02271995578718098,0.05471349912886703,0.935,0.0,0.5325,196.10042381868186
11855327,control_aware,0.02154522524735179,0.0513939288696871,0.9425,0.0,0.495,205.5152373873815
11855327,mse,0.022896634265647187,0.05977599508211643,0.9125,0.0,0.56,205.99163504553798
1069848759,control_aware,0.023262519886263155,0.05611275270681608,0.93,0.0,0.5025,204.84839515308633
1069848759,mse,0.023768292333430443,0.057943702678346816,0.92,0.0,0.5025,203.07275145020355
1372381674,control_aware,0.022090470629308818,0.05268660111833366,0.92,0.0,0.5125,204.02066365251284
1372381674,mse,0.0224712848943043,0.054217669560196274,0.9175,0.0,0.5625,199.27137784129553
785001378,control_aware,0.02086120084888023,0.04995810428038544,0.95,0.0,0.495,207.68439865831795
785001378,mse,0.0220824333204211,0.055279605170368146,0.93,0.0,0.495,208.84689387097097
559636726,control_aware,0.02150568228628424,0.05033531946850903,0.9475,0.0,0.4925,205.71557545326067
559636726,mse,0.022286078578757654,0.053964816095311514,0.9325,0.0,0.5075,206.21582060851745
